<?xml version="1.0" encoding="UTF-8"?><ImplementationGuide xmlns="http://hl7.org/fhir"><id value="hl7.fhir.us.pacio-adi"/><text><status value="extensions"/><div xmlns="http://www.w3.org/1999/xhtml"><h2>PACIOAdvanceDirectiveInteroperability</h2><p>The official URL for this implementation guide is: </p><pre>http://hl7.org/fhir/us/pacio-adi/ImplementationGuide/hl7.fhir.us.pacio-adi</pre><div><p>PACIO Advance Directive Interoperability Implementation Guide</p>
</div></div></text><url value="http://hl7.org/fhir/us/pacio-adi/ImplementationGuide/hl7.fhir.us.pacio-adi"/><version value="0.0.1"/><name value="PACIOAdvanceDirectiveInteroperability"/><title value="PACIO Advance Directive Interoperability Implementation Guide"/><status value="draft"/><date value="2021-03-22T09:58:28-07:00"/><publisher value="HL7 Patient Empowerment Working Group"/><contact><name value="HL7 Patient Empowerment Working Group"/><telecom><system value="url"/><value value="http://www.hl7.org/Special/committees/patientempowerment/index.cfm"/></telecom><telecom><system value="email"/><value value="patients@lists.HL7.org"/></telecom></contact><description value="PACIO Advance Directive Interoperability Implementation Guide"/><jurisdiction><coding><system value="urn:iso:std:iso:3166"/><code value="US"/></coding></jurisdiction><packageId value="hl7.fhir.us.pacio-adi"/><license value="CC0-1.0"/><fhirVersion value="4.0.1"/><dependsOn id="hl7_fhir_us_core"><uri value="http://hl7.org/fhir/us/core/ImplementationGuide/hl7.fhir.us.core"/><packageId value="hl7.fhir.us.core"/><version value="3.1.1"/></dependsOn><definition><extension url="http://hl7.org/fhir/tools/StructureDefinition/ig-parameter"><extension url="code"><valueString value="copyrightyear"/></extension><extension url="value"><valueString value="2021+"/></extension></extension><extension url="http://hl7.org/fhir/tools/StructureDefinition/ig-parameter"><extension url="code"><valueString value="releaselabel"/></extension><extension url="value"><valueString value="STU1"/></extension></extension><extension url="http://hl7.org/fhir/tools/StructureDefinition/ig-parameter"><extension url="code"><valueString value="show-inherited-invariants"/></extension><extension url="value"><valueString value="false"/></extension></extension><extension url="http://hl7.org/fhir/tools/StructureDefinition/ig-parameter"><extension url="code"><valueString value="apply-jurisdiction"/></extension><extension url="value"><valueString value="true"/></extension></extension><extension url="http://hl7.org/fhir/tools/StructureDefinition/ig-parameter"><extension url="code"><valueString value="apply-publisher"/></extension><extension url="value"><valueString value="true"/></extension></extension><extension url="http://hl7.org/fhir/tools/StructureDefinition/ig-parameter"><extension url="code"><valueString value="path-history"/></extension><extension url="value"><valueString value="http://hl7.org/fhir/us/pacio-adi/history.html"/></extension></extension><extension url="http://hl7.org/fhir/tools/StructureDefinition/ig-parameter"><extension url="code"><valueString value="autoload-resources"/></extension><extension url="value"><valueString value="true"/></extension></extension><extension url="http://hl7.org/fhir/tools/StructureDefinition/ig-parameter"><extension url="code"><valueString value="path-liquid"/></extension><extension url="value"><valueString value="template/liquid"/></extension></extension><extension url="http://hl7.org/fhir/tools/StructureDefinition/ig-parameter"><extension url="code"><valueString value="path-liquid"/></extension><extension url="value"><valueString value="input/liquid"/></extension></extension><extension url="http://hl7.org/fhir/tools/StructureDefinition/ig-parameter"><extension url="code"><valueString value="path-qa"/></extension><extension url="value"><valueString value="temp/qa"/></extension></extension><extension url="http://hl7.org/fhir/tools/StructureDefinition/ig-parameter"><extension url="code"><valueString value="path-temp"/></extension><extension url="value"><valueString value="temp/pages"/></extension></extension><extension url="http://hl7.org/fhir/tools/StructureDefinition/ig-parameter"><extension url="code"><valueString value="path-output"/></extension><extension url="value"><valueString value="output"/></extension></extension><extension url="http://hl7.org/fhir/tools/StructureDefinition/ig-parameter"><extension url="code"><valueString value="path-suppressed-warnings"/></extension><extension url="value"><valueString value="input/ignoreWarnings.txt"/></extension></extension><extension url="http://hl7.org/fhir/tools/StructureDefinition/ig-parameter"><extension url="code"><valueString value="template-html"/></extension><extension url="value"><valueString value="template-page.html"/></extension></extension><extension url="http://hl7.org/fhir/tools/StructureDefinition/ig-parameter"><extension url="code"><valueString value="template-md"/></extension><extension url="value"><valueString value="template-page-md.html"/></extension></extension><extension url="http://hl7.org/fhir/tools/StructureDefinition/ig-parameter"><extension url="code"><valueString value="apply-contact"/></extension><extension url="value"><valueString value="true"/></extension></extension><extension url="http://hl7.org/fhir/tools/StructureDefinition/ig-parameter"><extension url="code"><valueString value="apply-context"/></extension><extension url="value"><valueString value="true"/></extension></extension><extension url="http://hl7.org/fhir/tools/StructureDefinition/ig-parameter"><extension url="code"><valueString value="apply-copyright"/></extension><extension url="value"><valueString value="true"/></extension></extension><extension url="http://hl7.org/fhir/tools/StructureDefinition/ig-parameter"><extension url="code"><valueString value="apply-license"/></extension><extension url="value"><valueString value="true"/></extension></extension><extension url="http://hl7.org/fhir/tools/StructureDefinition/ig-parameter"><extension url="code"><valueString value="apply-version"/></extension><extension url="value"><valueString value="true"/></extension></extension><extension url="http://hl7.org/fhir/tools/StructureDefinition/ig-parameter"><extension url="code"><valueString value="active-tables"/></extension><extension url="value"><valueString value="true"/></extension></extension><grouping id="_str_abstractprofile"><name value="Structures: Abstract Profiles"/><description value="These are profiles on resources or data types that describe patterns used by other profiles, but cannot be instantiated directly.  I.e. instances can conform to profiles *based* on these abstract profiles, but do not declare conformance to the abstract profiles themselves."/></grouping><grouping id="_str_profile"><name value="Structures: Resource Profiles"/><description value="These define constraints on FHIR resources for systems conforming to this implementation guide"/></grouping><grouping id="_str_extension"><name value="Structures: Extension Definitions"/><description value="These define constraints on FHIR data types for systems conforming to this implementation guide"/></grouping><resource><extension url="http://hl7.org/fhir/StructureDefinition/implementationguide-page"><valueUri value="StructureDefinition-PADI-DocumentReference.html"/></extension><reference><reference value="StructureDefinition/PADI-DocumentReference"/></reference><name value="PACIO ADI Document Reference"/><description value="This profile defines constraints that represent the information needed to register an advance directive information document on a FHIR server."/><exampleBoolean value="false"/><groupingId value="_str_profile"/></resource><resource><extension url="http://hl7.org/fhir/StructureDefinition/implementationguide-page"><valueUri value="StructureDefinition-PADI-Endpoint.html"/></extension><reference><reference value="StructureDefinition/PADI-Endpoint"/></reference><name value="PACIO ADI Endpoint"/><description value="TODO A an Advance Directive Endpoint"/><exampleBoolean value="false"/><groupingId value="_str_profile"/></resource><resource><extension url="http://hl7.org/fhir/StructureDefinition/implementationguide-page"><valueUri value="StructureDefinition-PADI-Header.html"/></extension><reference><reference value="StructureDefinition/PADI-Header"/></reference><name value="PACIO ADI Header"/><description value="This abstract profile defines constraints that represent common administrative and demographic concepts for advance directives information used in US Realm clinical documents."/><exampleBoolean value="false"/><groupingId value="_str_abstractprofile"/></resource><resource><extension url="http://hl7.org/fhir/StructureDefinition/implementationguide-page"><valueUri value="StructureDefinition-PADI-PACPComposition.html"/></extension><reference><reference value="StructureDefinition/PADI-PACPComposition"/></reference><name value="ADI Personal Advance Care Plan Composition"/><description value="This profile encompasses information that makes up the author&#x2019;s advance care information plan."/><exampleBoolean value="false"/><groupingId value="_str_profile"/></resource><resource><extension url="http://hl7.org/fhir/StructureDefinition/implementationguide-page"><valueUri value="StructureDefinition-PADI-Provenance.html"/></extension><reference><reference value="StructureDefinition/PADI-Provenance"/></reference><name value="PACIO ADI Provenance"/><description value="[TODO] Advance Directive Interoperability Provanance baed on US Core"/><exampleBoolean value="false"/><groupingId value="_str_profile"/></resource><resource><extension url="http://hl7.org/fhir/StructureDefinition/implementationguide-page"><valueUri value="StructureDefinition-padi-authorization-extension.html"/></extension><reference><reference value="StructureDefinition/padi-authorization-extension"/></reference><name value="Authorization"/><description value="The Advance Directive Information Authorization Extension contains the ADI Consent profile which represents information about a patient&#x2019;s consents."/><exampleBoolean value="false"/><groupingId value="_str_extension"/></resource><resource><extension url="http://hl7.org/fhir/StructureDefinition/implementationguide-page"><valueUri value="StructureDefinition-padi-dataEnterer-extension.html"/></extension><reference><reference value="StructureDefinition/padi-dataEnterer-extension"/></reference><name value="Data Enterer"/><description value="Data Enterer Extension represents the person who transferred the content, written or dictated, into the Advance Directive document. To clarify, an author provides the content, subject to their own interpretation; a dataEnterer adds an author&#x2019;s information to the electronic system."/><exampleBoolean value="false"/><groupingId value="_str_extension"/></resource><resource><extension url="http://hl7.org/fhir/StructureDefinition/implementationguide-page"><valueUri value="StructureDefinition-padi-informant-extension.html"/></extension><reference><reference value="StructureDefinition/padi-informant-extension"/></reference><name value="Informant"/><description value="The Advance Directive Information Informant Extension describes an information source for any content within the Advance Directive document. This informant is constrained for use when the source of information is an assigned health care provider for the patient."/><exampleBoolean value="false"/><groupingId value="_str_extension"/></resource><resource><extension url="http://hl7.org/fhir/StructureDefinition/implementationguide-page"><valueUri value="StructureDefinition-padi-informatioRecipient-extension.html"/></extension><reference><reference value="StructureDefinition/padi-informatioRecipient-extension"/></reference><name value="Information Recipient"/><description value=" The Information Recipient Extension records the intended recipient of the advance directive information at the time the document was created."/><exampleBoolean value="false"/><groupingId value="_str_extension"/></resource><resource><extension url="http://hl7.org/fhir/StructureDefinition/implementationguide-page"><valueUri value="StructureDefinition-padi-order-extension.html"/></extension><reference><reference value="StructureDefinition/padi-order-extension"/></reference><name value="Order"/><description value="The Advance Directive Information Order Extension represents orders that are fulfilled by this document such as a radiologists report of an x-ray."/><exampleBoolean value="false"/><groupingId value="_str_extension"/></resource><resource><extension url="http://hl7.org/fhir/StructureDefinition/implementationguide-page"><valueUri value="StructureDefinition-padi-participant-extension.html"/></extension><reference><reference value="StructureDefinition/padi-participant-extension"/></reference><name value="Participant"/><description value="The Advance Directive Information Participant Extension identifies supporting entities, including parents, relatives, caregivers, insurance policyholders, guarantors, and others related in some way to the patient. A supporting person or organization is an individual or an organization with a relationship to the patient. A supporting person who is playing multiple roles would be recorded in multiple participants (e.g., emergency contact and next-of-kin)."/><exampleBoolean value="false"/><groupingId value="_str_extension"/></resource><resource><extension url="http://hl7.org/fhir/StructureDefinition/implementationguide-page"><valueUri value="StructureDefinition-padi-performer-extension.html"/></extension><reference><reference value="StructureDefinition/padi-performer-extension"/></reference><name value="Informant"/><description value="The Advance Directive Information Performer Extension represents clinicians who actually and principally carry out the clinical services being documented. In a transfer of care this represents the healthcare providers involved in the current or pertinent historical care of the patient. Preferably, the patients key healthcare care team members would be listed, particularly their primary physician and any active consulting physicians, therapists, and counselors."/><exampleBoolean value="false"/><groupingId value="_str_extension"/></resource><resource><extension url="http://hl7.org/fhir/StructureDefinition/implementationguide-page"><valueUri value="StructureDefinition-padi-versionNumber-extension.html"/></extension><reference><reference value="StructureDefinition/padi-versionNumber-extension"/></reference><name value="Version Number"/><description value="Advance Directive Information VersionNumber Extension represents a numeric value used to version successive replacement documents."/><exampleBoolean value="false"/><groupingId value="_str_extension"/></resource><page><nameUrl value="toc.html"/><title value="Table of Contents"/><generation value="html"/><page><nameUrl value="index.html"/><title value="Home"/><generation value="markdown"/></page><page><nameUrl value="advance_directive_use_case.html"/><title value="Advance Directive Use Case"/><generation value="markdown"/></page><page><nameUrl value="business_case.html"/><title value="Business Case"/><generation value="markdown"/></page><page><nameUrl value="downloads.html"/><title value="Downloads"/><generation value="markdown"/></page><page><nameUrl value="introduction.html"/><title value="Introduction"/><generation value="markdown"/></page><page><nameUrl value="patient_stories_and_personas.html"/><title value="Patient Stories and Personas"/><generation value="markdown"/></page><page><nameUrl value="profile_highlights_and_guidance.html"/><title value="Profile Highlights and Guidance"/><generation value="markdown"/></page><page><nameUrl value="profiles.html"/><title value="Profiles"/><generation value="markdown"/></page><page><nameUrl value="security.html"/><title value="Security"/><generation value="markdown"/></page><page><nameUrl value="underlying_technologies.html"/><title value="Underlying Technologies"/><generation value="markdown"/></page><page><nameUrl value="use_cases.html"/><title value="Use Cases"/><generation value="markdown"/></page><page><nameUrl value="artifacts.html"/><title value="Artifacts Summary"/><generation value="html"/><page><nameUrl value="StructureDefinition-PADI-Header.html"/><title value="PACIO ADI Header"/><generation value="generated"/></page><page><nameUrl value="StructureDefinition-PADI-DocumentReference.html"/><title value="PACIO ADI Document Reference"/><generation value="generated"/></page><page><nameUrl value="StructureDefinition-PADI-Endpoint.html"/><title value="PACIO ADI Endpoint"/><generation value="generated"/></page><page><nameUrl value="StructureDefinition-PADI-PACPComposition.html"/><title value="ADI Personal Advance Care Plan Composition"/><generation value="generated"/></page><page><nameUrl value="StructureDefinition-PADI-Provenance.html"/><title value="PACIO ADI Provenance"/><generation value="generated"/></page><page><nameUrl value="StructureDefinition-padi-authorization-extension.html"/><title value="Authorization"/><generation value="generated"/></page><page><nameUrl value="StructureDefinition-padi-dataEnterer-extension.html"/><title value="Data Enterer"/><generation value="generated"/></page><page><nameUrl value="StructureDefinition-padi-informant-extension.html"/><title value="Informant"/><generation value="generated"/></page><page><nameUrl value="StructureDefinition-padi-informatioRecipient-extension.html"/><title value="Information Recipient"/><generation value="generated"/></page><page><nameUrl value="StructureDefinition-padi-order-extension.html"/><title value="Order"/><generation value="generated"/></page><page><nameUrl value="StructureDefinition-padi-participant-extension.html"/><title value="Participant"/><generation value="generated"/></page><page><nameUrl value="StructureDefinition-padi-performer-extension.html"/><title value="Informant"/><generation value="generated"/></page><page><nameUrl value="StructureDefinition-padi-versionNumber-extension.html"/><title value="Version Number"/><generation value="generated"/></page></page></page><parameter><code value="path-resource"/><value value="input/capabilities"/></parameter><parameter><code value="path-resource"/><value value="input/examples"/></parameter><parameter><code value="path-resource"/><value value="input/extensions"/></parameter><parameter><code value="path-resource"/><value value="input/models"/></parameter><parameter><code value="path-resource"/><value value="input/operations"/></parameter><parameter><code value="path-resource"/><value value="input/profiles"/></parameter><parameter><code value="path-resource"/><value value="input/resources"/></parameter><parameter><code value="path-resource"/><value value="input/vocabulary"/></parameter><parameter><code value="path-resource"/><value value="input/maps"/></parameter><parameter><code value="path-resource"/><value value="input/testing"/></parameter><parameter><code value="path-resource"/><value value="input/history"/></parameter><parameter><code value="path-resource"/><value value="fsh-generated/resources"/></parameter><parameter><code value="path-pages"/><value value="template/config"/></parameter><parameter><code value="path-pages"/><value value="input/images"/></parameter><parameter><code value="path-tx-cache"/><value value="input-cache/txcache"/></parameter></definition></ImplementationGuide>