<?xml version="1.0" encoding="UTF-8"?><ImplementationGuide xmlns="http://hl7.org/fhir"><id value="hl7.fhir.us.pacio-adi"/><text><status value="extensions"/><div xmlns="http://www.w3.org/1999/xhtml"><h2>PACIOAdvanceDirectiveInteroperability</h2><p>The official URL for this implementation guide is: </p><pre>http://hl7.org/fhir/us/pacio-adi/ImplementationGuide/hl7.fhir.us.pacio-adi</pre><div><p>PACIO Advance Directive Interoperability Implementation Guide</p>
</div></div></text><url value="http://hl7.org/fhir/us/pacio-adi/ImplementationGuide/hl7.fhir.us.pacio-adi"/><version value="0.0.1"/><name value="PACIOAdvanceDirectiveInteroperability"/><title value="PACIO Advance Directive Interoperability Implementation Guide"/><status value="draft"/><date value="2021-04-25T21:26:31-07:00"/><publisher value="HL7 Patient Empowerment Working Group"/><contact><name value="HL7 Patient Empowerment Working Group"/><telecom><system value="url"/><value value="http://www.hl7.org/Special/committees/patientempowerment/index.cfm"/></telecom><telecom><system value="email"/><value value="patients@lists.HL7.org"/></telecom></contact><description value="PACIO Advance Directive Interoperability Implementation Guide"/><jurisdiction><coding><system value="urn:iso:std:iso:3166"/><code value="US"/></coding></jurisdiction><packageId value="hl7.fhir.us.pacio-adi"/><license value="CC0-1.0"/><fhirVersion value="4.0.1"/><dependsOn id="hl7_fhir_us_core"><uri value="http://hl7.org/fhir/us/core/ImplementationGuide/hl7.fhir.us.core"/><packageId value="hl7.fhir.us.core"/><version value="3.1.1"/></dependsOn><definition><extension url="http://hl7.org/fhir/tools/StructureDefinition/ig-parameter"><extension url="code"><valueString value="copyrightyear"/></extension><extension url="value"><valueString value="2021+"/></extension></extension><extension url="http://hl7.org/fhir/tools/StructureDefinition/ig-parameter"><extension url="code"><valueString value="releaselabel"/></extension><extension url="value"><valueString value="STU1"/></extension></extension><extension url="http://hl7.org/fhir/tools/StructureDefinition/ig-parameter"><extension url="code"><valueString value="show-inherited-invariants"/></extension><extension url="value"><valueString value="false"/></extension></extension><extension url="http://hl7.org/fhir/tools/StructureDefinition/ig-parameter"><extension url="code"><valueString value="apply-jurisdiction"/></extension><extension url="value"><valueString value="true"/></extension></extension><extension url="http://hl7.org/fhir/tools/StructureDefinition/ig-parameter"><extension url="code"><valueString value="apply-publisher"/></extension><extension url="value"><valueString value="true"/></extension></extension><extension url="http://hl7.org/fhir/tools/StructureDefinition/ig-parameter"><extension url="code"><valueString value="path-history"/></extension><extension url="value"><valueString value="http://hl7.org/fhir/us/pacio-adi/history.html"/></extension></extension><extension url="http://hl7.org/fhir/tools/StructureDefinition/ig-parameter"><extension url="code"><valueString value="autoload-resources"/></extension><extension url="value"><valueString value="true"/></extension></extension><extension url="http://hl7.org/fhir/tools/StructureDefinition/ig-parameter"><extension url="code"><valueString value="path-liquid"/></extension><extension url="value"><valueString value="template/liquid"/></extension></extension><extension url="http://hl7.org/fhir/tools/StructureDefinition/ig-parameter"><extension url="code"><valueString value="path-liquid"/></extension><extension url="value"><valueString value="input/liquid"/></extension></extension><extension url="http://hl7.org/fhir/tools/StructureDefinition/ig-parameter"><extension url="code"><valueString value="path-qa"/></extension><extension url="value"><valueString value="temp/qa"/></extension></extension><extension url="http://hl7.org/fhir/tools/StructureDefinition/ig-parameter"><extension url="code"><valueString value="path-temp"/></extension><extension url="value"><valueString value="temp/pages"/></extension></extension><extension url="http://hl7.org/fhir/tools/StructureDefinition/ig-parameter"><extension url="code"><valueString value="path-output"/></extension><extension url="value"><valueString value="output"/></extension></extension><extension url="http://hl7.org/fhir/tools/StructureDefinition/ig-parameter"><extension url="code"><valueString value="path-suppressed-warnings"/></extension><extension url="value"><valueString value="input/ignoreWarnings.txt"/></extension></extension><extension url="http://hl7.org/fhir/tools/StructureDefinition/ig-parameter"><extension url="code"><valueString value="template-html"/></extension><extension url="value"><valueString value="template-page.html"/></extension></extension><extension url="http://hl7.org/fhir/tools/StructureDefinition/ig-parameter"><extension url="code"><valueString value="template-md"/></extension><extension url="value"><valueString value="template-page-md.html"/></extension></extension><extension url="http://hl7.org/fhir/tools/StructureDefinition/ig-parameter"><extension url="code"><valueString value="apply-contact"/></extension><extension url="value"><valueString value="true"/></extension></extension><extension url="http://hl7.org/fhir/tools/StructureDefinition/ig-parameter"><extension url="code"><valueString value="apply-context"/></extension><extension url="value"><valueString value="true"/></extension></extension><extension url="http://hl7.org/fhir/tools/StructureDefinition/ig-parameter"><extension url="code"><valueString value="apply-copyright"/></extension><extension url="value"><valueString value="true"/></extension></extension><extension url="http://hl7.org/fhir/tools/StructureDefinition/ig-parameter"><extension url="code"><valueString value="apply-license"/></extension><extension url="value"><valueString value="true"/></extension></extension><extension url="http://hl7.org/fhir/tools/StructureDefinition/ig-parameter"><extension url="code"><valueString value="apply-version"/></extension><extension url="value"><valueString value="true"/></extension></extension><extension url="http://hl7.org/fhir/tools/StructureDefinition/ig-parameter"><extension url="code"><valueString value="active-tables"/></extension><extension url="value"><valueString value="true"/></extension></extension><grouping id="_str_abstractprofile"><name value="Structures: Abstract Profiles"/><description value="These are profiles on resources or data types that describe patterns used by other profiles, but cannot be instantiated directly.  I.e. instances can conform to profiles *based* on these abstract profiles, but do not declare conformance to the abstract profiles themselves."/></grouping><grouping id="_str_profile"><name value="Structures: Resource Profiles"/><description value="These define constraints on FHIR resources for systems conforming to this implementation guide"/></grouping><grouping id="_str_extension"><name value="Structures: Extension Definitions"/><description value="These define constraints on FHIR data types for systems conforming to this implementation guide"/></grouping><grouping id="_term_valueset"><name value="Terminology: Value Sets"/><description value="These define sets of codes used by systems conforming to this implementation guide"/></grouping><grouping id="_ex_example"><name value="Example: Example Instances"/><description value="These are example instances that show what data produced and consumed by systems conforming with this implementation guide might look like"/></grouping><resource><extension url="http://hl7.org/fhir/StructureDefinition/implementationguide-page"><valueUri value="StructureDefinition-PADI-AutopsyObservation.html"/></extension><reference><reference value="StructureDefinition/PADI-AutopsyObservation"/></reference><name value="ADI Autopsy Observation"/><description value="This profile is used to represent the author&#39;s thoughts about autopsy."/><exampleBoolean value="false"/><groupingId value="_str_profile"/></resource><resource><extension url="http://hl7.org/fhir/StructureDefinition/implementationguide-page"><valueUri value="StructureDefinition-PADI-CareExperiencePreference.html"/></extension><reference><reference value="StructureDefinition/PADI-CareExperiencePreference"/></reference><name value="ADI Care Experience Preference"/><description value="Care Experience Preference is a clinical statement that presents the author&#39;s personal thoughts about something he or she feels is relevant to his or her care experience and may be pertinent when planning his or her care."/><exampleBoolean value="false"/><groupingId value="_str_profile"/></resource><resource><extension url="http://hl7.org/fhir/StructureDefinition/implementationguide-page"><valueUri value="StructureDefinition-PADI-ConsentForHealthcareAgent.html"/></extension><reference><reference value="StructureDefinition/PADI-ConsentForHealthcareAgent"/></reference><name value="ADI Consent for Healthcare Agent"/><description value="This profile is used for the healthcare agent to consent/express acceptance of being appointed as the agent for the patient."/><exampleBoolean value="false"/><groupingId value="_str_profile"/></resource><resource><extension url="http://hl7.org/fhir/StructureDefinition/implementationguide-page"><valueUri value="StructureDefinition-PADI-DocumentReference.html"/></extension><reference><reference value="StructureDefinition/PADI-DocumentReference"/></reference><name value="PACIO ADI Document Reference"/><description value="This profile defines constraints that represent the information needed to register an advance directive information document on a FHIR server."/><exampleBoolean value="false"/><groupingId value="_str_profile"/></resource><resource><extension url="http://hl7.org/fhir/StructureDefinition/implementationguide-page"><valueUri value="StructureDefinition-PADI-Endpoint.html"/></extension><reference><reference value="StructureDefinition/PADI-Endpoint"/></reference><name value="PACIO ADI Endpoint"/><description value="TODO A an Advance Directive Endpoint"/><exampleBoolean value="false"/><groupingId value="_str_profile"/></resource><resource><extension url="http://hl7.org/fhir/StructureDefinition/implementationguide-page"><valueUri value="StructureDefinition-PADI-Guardian.html"/></extension><reference><reference value="StructureDefinition/PADI-Guardian"/></reference><name value="ADI Guardian"/><description value="This profile will show a relationship to a ward."/><exampleBoolean value="false"/><groupingId value="_str_profile"/></resource><resource><extension url="http://hl7.org/fhir/StructureDefinition/implementationguide-page"><valueUri value="StructureDefinition-PADI-Header.html"/></extension><reference><reference value="StructureDefinition/PADI-Header"/></reference><name value="PACIO ADI Header"/><description value="This abstract profile defines constraints that represent common administrative and demographic concepts for advance directives information used in US Realm clinical documents."/><exampleBoolean value="false"/><groupingId value="_str_abstractprofile"/></resource><resource><extension url="http://hl7.org/fhir/StructureDefinition/implementationguide-page"><valueUri value="StructureDefinition-PADI-HealthcareAgent.html"/></extension><reference><reference value="StructureDefinition/PADI-HealthcareAgent"/></reference><name value="ADI Healthcare Agent"/><description value="This profile represents a person&#39;s appointment of a healthcare agent."/><exampleBoolean value="false"/><groupingId value="_str_profile"/></resource><resource><extension url="http://hl7.org/fhir/StructureDefinition/implementationguide-page"><valueUri value="StructureDefinition-PADI-HealthcareAgentAuthority.html"/></extension><reference><reference value="StructureDefinition/PADI-HealthcareAgentAuthority"/></reference><name value="ADI Healthcare Agent Authority"/><description value="This profile is used to represent a power or limitation granted to a person acting as a healthcare agent."/><exampleBoolean value="false"/><groupingId value="_str_profile"/></resource><resource><extension url="http://hl7.org/fhir/StructureDefinition/implementationguide-page"><valueUri value="StructureDefinition-PADI-OrganDonationObservation.html"/></extension><reference><reference value="StructureDefinition/PADI-OrganDonationObservation"/></reference><name value="ADI Organ Donation"/><description value="This profile is used to represent the author&#39;s thoughts about organ donation."/><exampleBoolean value="false"/><groupingId value="_str_profile"/></resource><resource><extension url="http://hl7.org/fhir/StructureDefinition/implementationguide-page"><valueUri value="StructureDefinition-PADI-PACPComposition.html"/></extension><reference><reference value="StructureDefinition/PADI-PACPComposition"/></reference><name value="ADI Personal Advance Care Plan Composition"/><description value="This profile encompasses information that makes up the author&#x2019;s advance care information plan."/><exampleBoolean value="false"/><groupingId value="_str_profile"/></resource><resource><extension url="http://hl7.org/fhir/StructureDefinition/implementationguide-page"><valueUri value="StructureDefinition-PADI-PMOLSTObservation.html"/></extension><reference><reference value="StructureDefinition/PADI-PMOLSTObservation"/></reference><name value="ADI PMOLST Observation"/><description value="This profile is used to indicate if a person has a medical order or physician order for life sustaining treatment (MOLST or POLST)."/><exampleBoolean value="false"/><groupingId value="_str_profile"/></resource><resource><extension url="http://hl7.org/fhir/StructureDefinition/implementationguide-page"><valueUri value="StructureDefinition-PADI-PersonalHealthGoal.html"/></extension><reference><reference value="StructureDefinition/PADI-PersonalHealthGoal"/></reference><name value="ADI Personal Health Goal"/><description value="[TODO] This profile is used to represent the author&#39;s personal health goals."/><exampleBoolean value="false"/><groupingId value="_str_profile"/></resource><resource><extension url="http://hl7.org/fhir/StructureDefinition/implementationguide-page"><valueUri value="StructureDefinition-PADI-PersonalInterventionPreference.html"/></extension><reference><reference value="StructureDefinition/PADI-PersonalInterventionPreference"/></reference><name value="ADI Personal Intervention Preference"/><description value="This profile is used to represent a personal preference for a type of medical intervention (treatment)."/><exampleBoolean value="false"/><groupingId value="_str_profile"/></resource><resource><extension url="http://hl7.org/fhir/StructureDefinition/implementationguide-page"><valueUri value="StructureDefinition-PADI-PersonalPrioritiesOrganizer.html"/></extension><reference><reference value="StructureDefinition/PADI-PersonalPrioritiesOrganizer"/></reference><name value="ADI Personal Priorities Organizer"/><description value="Personal Priorities Organizer is used to represent a set of personal goals, preferences or care experiences in a preferred ranked order."/><exampleBoolean value="false"/><groupingId value="_str_profile"/></resource><resource><extension url="http://hl7.org/fhir/StructureDefinition/implementationguide-page"><valueUri value="StructureDefinition-PADI-Provenance.html"/></extension><reference><reference value="StructureDefinition/PADI-Provenance"/></reference><name value="PACIO ADI Provenance"/><description value="[TODO] Advance Directive Interoperability Provanance baed on US Core"/><exampleBoolean value="false"/><groupingId value="_str_profile"/></resource><resource><extension url="http://hl7.org/fhir/StructureDefinition/implementationguide-page"><valueUri value="StructureDefinition-padi-authorization-extension.html"/></extension><reference><reference value="StructureDefinition/padi-authorization-extension"/></reference><name value="Authorization"/><description value="The Advance Directive Information Authorization Extension contains the ADI Consent profile which represents information about a patient&#x2019;s consents."/><exampleBoolean value="false"/><groupingId value="_str_extension"/></resource><resource><extension url="http://hl7.org/fhir/StructureDefinition/implementationguide-page"><valueUri value="StructureDefinition-padi-dataEnterer-extension.html"/></extension><reference><reference value="StructureDefinition/padi-dataEnterer-extension"/></reference><name value="Data Enterer"/><description value="Data Enterer Extension represents the person who transferred the content, written or dictated, into the Advance Directive document. To clarify, an author provides the content, subject to their own interpretation; a dataEnterer adds an author&#x2019;s information to the electronic system."/><exampleBoolean value="false"/><groupingId value="_str_extension"/></resource><resource><extension url="http://hl7.org/fhir/StructureDefinition/implementationguide-page"><valueUri value="StructureDefinition-padi-informant-extension.html"/></extension><reference><reference value="StructureDefinition/padi-informant-extension"/></reference><name value="Informant"/><description value="The Advance Directive Information Informant Extension describes an information source for any content within the Advance Directive document. This informant is constrained for use when the source of information is an assigned health care provider for the patient."/><exampleBoolean value="false"/><groupingId value="_str_extension"/></resource><resource><extension url="http://hl7.org/fhir/StructureDefinition/implementationguide-page"><valueUri value="StructureDefinition-padi-informatioRecipient-extension.html"/></extension><reference><reference value="StructureDefinition/padi-informatioRecipient-extension"/></reference><name value="Information Recipient"/><description value="The Information Recipient Extension records the intended recipient of the advance directive information at the time the document was created."/><exampleBoolean value="false"/><groupingId value="_str_extension"/></resource><resource><extension url="http://hl7.org/fhir/StructureDefinition/implementationguide-page"><valueUri value="StructureDefinition-padi-order-extension.html"/></extension><reference><reference value="StructureDefinition/padi-order-extension"/></reference><name value="Order"/><description value="The Advance Directive Information Order Extension represents orders that are fulfilled by this document such as a radiologists report of an x-ray."/><exampleBoolean value="false"/><groupingId value="_str_extension"/></resource><resource><extension url="http://hl7.org/fhir/StructureDefinition/implementationguide-page"><valueUri value="StructureDefinition-padi-participant-extension.html"/></extension><reference><reference value="StructureDefinition/padi-participant-extension"/></reference><name value="Participant"/><description value="The Advance Directive Information Participant Extension identifies supporting entities, including parents, relatives, caregivers, insurance policyholders, guarantors, and others related in some way to the patient. A supporting person or organization is an individual or an organization with a relationship to the patient. A supporting person who is playing multiple roles would be recorded in multiple participants (e.g., emergency contact and next-of-kin)."/><exampleBoolean value="false"/><groupingId value="_str_extension"/></resource><resource><extension url="http://hl7.org/fhir/StructureDefinition/implementationguide-page"><valueUri value="StructureDefinition-padi-performer-extension.html"/></extension><reference><reference value="StructureDefinition/padi-performer-extension"/></reference><name value="Informant"/><description value="The Advance Directive Information Performer Extension represents clinicians who actually and principally carry out the clinical services being documented. In a transfer of care this represents the healthcare providers involved in the current or pertinent historical care of the patient. Preferably, the patients key healthcare care team members would be listed, particularly their primary physician and any active consulting physicians, therapists, and counselors."/><exampleBoolean value="false"/><groupingId value="_str_extension"/></resource><resource><extension url="http://hl7.org/fhir/StructureDefinition/implementationguide-page"><valueUri value="StructureDefinition-padi-versionNumber-extension.html"/></extension><reference><reference value="StructureDefinition/padi-versionNumber-extension"/></reference><name value="Version Number"/><description value="Advance Directive Information VersionNumber Extension represents a numeric value used to version successive replacement documents."/><exampleBoolean value="false"/><groupingId value="_str_extension"/></resource><resource><extension url="http://hl7.org/fhir/StructureDefinition/implementationguide-page"><valueUri value="ValueSet-PADIAdvanceDirectiveCategoriesVS.html"/></extension><reference><reference value="ValueSet/PADIAdvanceDirectiveCategoriesVS"/></reference><name value="Advance Directive Categories"/><description value="Kinds of Advance Directives&#xD;&#xA;&#xD;&#xA;This ValueSet is managed at the US National Library of Medicine (NLM) Value Set Authority Center (VSAC): https://vsac.nlm.nih.gov/valueset/2.16.840.1.113883.11.20.9.69.4/expansion"/><exampleBoolean value="false"/><groupingId value="_term_valueset"/></resource><resource><extension url="http://hl7.org/fhir/StructureDefinition/implementationguide-page"><valueUri value="ValueSet-PADICareExperiencePreferencesVS.html"/></extension><reference><reference value="ValueSet/PADICareExperiencePreferencesVS"/></reference><name value="Care Experience Preferences"/><description value="This value set includes concepts representing an individual&#39;s care experience preferences at end of life which can be expressed by the individual in his or her advance care plan),(Data Element Scope: The intent of this value set is to identify personal care experience preferences that may be relevant and could be considered by clinicians when making a treatment/care plan for the person.&#xD;&#xA;&#xD;&#xA;This ValueSet is managed at the US National Library of Medicine (NLM) Value Set Authority Center (VSAC): https://vsac.nlm.nih.gov/valueset/2.16.840.1.113762.1.4.1115.11/expansion"/><exampleBoolean value="false"/><groupingId value="_term_valueset"/></resource><resource><extension url="http://hl7.org/fhir/StructureDefinition/implementationguide-page"><valueUri value="ValueSet-PADIHealthGoalsVS.html"/></extension><reference><reference value="ValueSet/PADIHealthGoalsVS"/></reference><name value="Health Goals"/><description value="Clinical Focus: This value set includes concepts representing an individual&#39;s goals at end of life which can be expressed by the individual in his or her advance care plan.),(Data Element Scope: The intent of this value set is to identify personal goals that may be relevant and could be considered by clinicians when making a treatment/care plan for the person.),(Inclusion Criteria: Include member value sets for Health Goals at end of life for LOINC and SNOMED CT.),(Exclusion Criteria: None.&#xD;&#xA;&#xD;&#xA;This ValueSet is managed at the US National Library of Medicine (NLM) Value Set Authority Center (VSAC): https://vsac.nlm.nih.gov/valueset/2.16.840.1.113762.1.4.1115.7/expansion"/><exampleBoolean value="false"/><groupingId value="_term_valueset"/></resource><resource><extension url="http://hl7.org/fhir/StructureDefinition/implementationguide-page"><valueUri value="ValueSet-PADIHealthcareAgentOrProxyChoicesVS.html"/></extension><reference><reference value="ValueSet/PADIHealthcareAgentOrProxyChoicesVS"/></reference><name value="Healthcare Agent or Proxy Choices"/><description value="This value set identifies the healthcare agent or proxy roles that individuals commonly designate to empower surrogates to make medical treatment and care decisions when the individual is unable to effectively communicate with medical personnel or requires assistance with decision making.&#xD;&#xA;&#xD;&#xA;This ValueSet is managed at the US National Library of Medicine (NLM) Value Set Authority Center (VSAC): https://vsac.nlm.nih.gov/valueset/2.16.840.1.113762.1.4.1046.35/expansion"/><exampleBoolean value="false"/><groupingId value="_term_valueset"/></resource><resource><extension url="http://hl7.org/fhir/StructureDefinition/implementationguide-page"><valueUri value="ValueSet-PADIHealthcareAgentRelationshipVS.html"/></extension><reference><reference value="ValueSet/PADIHealthcareAgentRelationshipVS"/></reference><name value="Healthcare Agent Relationships"/><description value="[TODO] This value set identifies the healthcare agent or proxy roles that individuals commonly designate to empower surrogates to make medical treatment and care decisions when the individual is unable to effectively communicate with medical personnel or requires assistance with decision making.&#xD;&#xA;&#xD;&#xA;This ValueSet is managed at the US National Library of Medicine (NLM) Value Set Authority Center (VSAC): https://vsac.nlm.nih.gov/valueset/2.16.840.1.113762.1.4.1046.35/expansion"/><exampleBoolean value="false"/><groupingId value="_term_valueset"/></resource><resource><extension url="http://hl7.org/fhir/StructureDefinition/implementationguide-page"><valueUri value="ValueSet-PADIInterventionPreferencesVS.html"/></extension><reference><reference value="ValueSet/PADIInterventionPreferencesVS"/></reference><name value="Intervention Preferences"/><description value="Clinical Focus: This value set includes concepts representing an individual&#39;s intervention preferences at end of life which can be expressed by the individual in his or her advance care plan.),(Data Element Scope: The intent of this value set is to identify personal intervention preferences that may be relevant and could be considered by clinicians when making a treatment/care plan for the person.),(Inclusion Criteria: Include member value sets for Intervention Preferences at End of Life for LOINC and SNOMED CT.),(Exclusion Criteria: None.)&#xD;&#xA;&#xD;&#xA;This ValueSet is managed at the US National Library of Medicine (NLM) Value Set Authority Center (VSAC): https://vsac.nlm.nih.gov/valueset/2.16.840.1.113762.1.4.1115.9/expansion"/><exampleBoolean value="false"/><groupingId value="_term_valueset"/></resource><resource><extension url="http://hl7.org/fhir/StructureDefinition/implementationguide-page"><valueUri value="ValueSet-PADIPersonalAndLegalRelationshipRoleTypeVS.html"/></extension><reference><reference value="ValueSet/PADIPersonalAndLegalRelationshipRoleTypeVS"/></reference><name value="Personal And Legal Relationship Role Type"/><description value="Clinical Focus: A personal or legal relationship records the role of a person in relation to another person, or a person to himself or herself. This value set is to be used when recording relationships based on personal or family ties or through legal assignment of responsibility."/><exampleBoolean value="false"/><groupingId value="_term_valueset"/></resource><resource><extension url="http://hl7.org/fhir/StructureDefinition/implementationguide-page"><valueUri value="Observation-ExampleMcBeeAutopsyDonationObservation1.html"/></extension><reference><reference value="Observation/ExampleMcBeeAutopsyDonationObservation1"/></reference><name value="ExampleMcBeeAutopsyDonationObservation1"/><description value="Example Patient McBee Autopsy Observation (Thoughts Regarding Autopsy)"/><exampleCanonical value="http://hl7.org/fhir/us/pacio-adi/StructureDefinition/PADI-AutopsyObservation"/><groupingId value="_ex_example"/></resource><resource><extension url="http://hl7.org/fhir/StructureDefinition/implementationguide-page"><valueUri value="Bundle-ExampleMcBeeBundle1.html"/></extension><reference><reference value="Bundle/ExampleMcBeeBundle1"/></reference><name value="ExampleMcBeeBundle1"/><description value="Example Patient McBee ADI Document Bundle McBee 1"/><exampleBoolean value="true"/><groupingId value="_ex_example"/></resource><resource><extension url="http://hl7.org/fhir/StructureDefinition/implementationguide-page"><valueUri value="Observation-ExampleMcBeeCareExperiencePreference1.html"/></extension><reference><reference value="Observation/ExampleMcBeeCareExperiencePreference1"/></reference><name value="ExampleMcBeeCareExperiencePreference1"/><description value="Example Patient McBee Care Experience Preference (My Joys)"/><exampleCanonical value="http://hl7.org/fhir/us/pacio-adi/StructureDefinition/PADI-CareExperiencePreference"/><groupingId value="_ex_example"/></resource><resource><extension url="http://hl7.org/fhir/StructureDefinition/implementationguide-page"><valueUri value="Observation-ExampleMcBeeCareExperiencePreference2.html"/></extension><reference><reference value="Observation/ExampleMcBeeCareExperiencePreference2"/></reference><name value="ExampleMcBeeCareExperiencePreference2"/><description value="Example Patient McBee Care Experience Preference (How to care for me)"/><exampleCanonical value="http://hl7.org/fhir/us/pacio-adi/StructureDefinition/PADI-CareExperiencePreference"/><groupingId value="_ex_example"/></resource><resource><extension url="http://hl7.org/fhir/StructureDefinition/implementationguide-page"><valueUri value="Observation-ExampleMcBeeCareExperiencePreference3.html"/></extension><reference><reference value="Observation/ExampleMcBeeCareExperiencePreference3"/></reference><name value="ExampleMcBeeCareExperiencePreference3"/><description value="Example Patient McBee Care Experience Preference (Religious affiliation contact)"/><exampleCanonical value="http://hl7.org/fhir/us/pacio-adi/StructureDefinition/PADI-CareExperiencePreference"/><groupingId value="_ex_example"/></resource><resource><extension url="http://hl7.org/fhir/StructureDefinition/implementationguide-page"><valueUri value="Observation-ExampleMcBeeCareExperiencePreference4.html"/></extension><reference><reference value="Observation/ExampleMcBeeCareExperiencePreference4"/></reference><name value="ExampleMcBeeCareExperiencePreference4"/><description value="Example Patient McBee Care Experience Preference (My unfinished business)"/><exampleCanonical value="http://hl7.org/fhir/us/pacio-adi/StructureDefinition/PADI-CareExperiencePreference"/><groupingId value="_ex_example"/></resource><resource><extension url="http://hl7.org/fhir/StructureDefinition/implementationguide-page"><valueUri value="Observation-ExampleMcBeeCareExperiencePreference5.html"/></extension><reference><reference value="Observation/ExampleMcBeeCareExperiencePreference5"/></reference><name value="ExampleMcBeeCareExperiencePreference5"/><description value="Example Patient McBee Care Experience Preference (Death arrangements)"/><exampleCanonical value="http://hl7.org/fhir/us/pacio-adi/StructureDefinition/PADI-CareExperiencePreference"/><groupingId value="_ex_example"/></resource><resource><extension url="http://hl7.org/fhir/StructureDefinition/implementationguide-page"><valueUri value="RelatedPerson-ExampleMcBeeHealthcareAgent1.html"/></extension><reference><reference value="RelatedPerson/ExampleMcBeeHealthcareAgent1"/></reference><name value="ExampleMcBeeHealthcareAgent1"/><description value="Example Patient McBee Healthcare Agent (Sally Bobbins)"/><exampleCanonical value="http://hl7.org/fhir/us/pacio-adi/StructureDefinition/PADI-HealthcareAgent"/><groupingId value="_ex_example"/></resource><resource><extension url="http://hl7.org/fhir/StructureDefinition/implementationguide-page"><valueUri value="RelatedPerson-ExampleMcBeeHealthcareAgent2.html"/></extension><reference><reference value="RelatedPerson/ExampleMcBeeHealthcareAgent2"/></reference><name value="ExampleMcBeeHealthcareAgent2"/><description value="Example Patient McBee Healthcare Agent (S. Leaonard Susskind)"/><exampleCanonical value="http://hl7.org/fhir/us/pacio-adi/StructureDefinition/PADI-HealthcareAgent"/><groupingId value="_ex_example"/></resource><resource><extension url="http://hl7.org/fhir/StructureDefinition/implementationguide-page"><valueUri value="Observation-ExampleMcBeeOrganDonationObservation1.html"/></extension><reference><reference value="Observation/ExampleMcBeeOrganDonationObservation1"/></reference><name value="ExampleMcBeeOrganDonationObservation1"/><description value="Example Patient McBee Organ Donation Observation 1"/><exampleCanonical value="http://hl7.org/fhir/us/pacio-adi/StructureDefinition/PADI-OrganDonationObservation"/><groupingId value="_ex_example"/></resource><resource><extension url="http://hl7.org/fhir/StructureDefinition/implementationguide-page"><valueUri value="Organization-ExampleMcBeeOrganizationAssembler1.html"/></extension><reference><reference value="Organization/ExampleMcBeeOrganizationAssembler1"/></reference><name value="ExampleMcBeeOrganizationAssembler1"/><description value="Example Patient McBee Assembler Organization"/><exampleBoolean value="true"/><groupingId value="_ex_example"/></resource><resource><extension url="http://hl7.org/fhir/StructureDefinition/implementationguide-page"><valueUri value="Organization-ExampleMcBeeOrganizationCustodian1.html"/></extension><reference><reference value="Organization/ExampleMcBeeOrganizationCustodian1"/></reference><name value="ExampleMcBeeOrganizationCustodian1"/><description value="Example Patient McBee Custodian Organization"/><exampleBoolean value="true"/><groupingId value="_ex_example"/></resource><resource><extension url="http://hl7.org/fhir/StructureDefinition/implementationguide-page"><valueUri value="Composition-ExampleMcBeePACPComposition1.html"/></extension><reference><reference value="Composition/ExampleMcBeePACPComposition1"/></reference><name value="ExampleMcBeePACPComposition1"/><description value="Example Patient McBee Personal AdvanceCare Plan Composition Example 1"/><exampleCanonical value="http://hl7.org/fhir/us/pacio-adi/StructureDefinition/PADI-PACPComposition"/><groupingId value="_ex_example"/></resource><resource><extension url="http://hl7.org/fhir/StructureDefinition/implementationguide-page"><valueUri value="Provenance-ExampleMcBeePACPProvenance1.html"/></extension><reference><reference value="Provenance/ExampleMcBeePACPProvenance1"/></reference><name value="ExampleMcBeePACPProvenance1"/><description value="Example Patient McBee Provenance"/><exampleCanonical value="http://hl7.org/fhir/us/pacio-adi/StructureDefinition/PADI-Provenance"/><groupingId value="_ex_example"/></resource><resource><extension url="http://hl7.org/fhir/StructureDefinition/implementationguide-page"><valueUri value="Patient-ExampleMcBeePatient1.html"/></extension><reference><reference value="Patient/ExampleMcBeePatient1"/></reference><name value="ExampleMcBeePatient1"/><description value="Example Patient McBee Patient Example 1"/><exampleBoolean value="true"/><groupingId value="_ex_example"/></resource><resource><extension url="http://hl7.org/fhir/StructureDefinition/implementationguide-page"><valueUri value="Goal-ExampleMcBeePersonalHealthGoal1.html"/></extension><reference><reference value="Goal/ExampleMcBeePersonalHealthGoal1"/></reference><name value="ExampleMcBeePersonalHealthGoal1"/><description value="Example Patient McBee Personal Health Goal 1"/><exampleCanonical value="http://hl7.org/fhir/us/pacio-adi/StructureDefinition/PADI-PersonalHealthGoal"/><groupingId value="_ex_example"/></resource><resource><extension url="http://hl7.org/fhir/StructureDefinition/implementationguide-page"><valueUri value="Goal-ExampleMcBeePersonalHealthGoal2.html"/></extension><reference><reference value="Goal/ExampleMcBeePersonalHealthGoal2"/></reference><name value="ExampleMcBeePersonalHealthGoal2"/><description value="Example Patient McBee Personal Health Goal 2"/><exampleCanonical value="http://hl7.org/fhir/us/pacio-adi/StructureDefinition/PADI-PersonalHealthGoal"/><groupingId value="_ex_example"/></resource><resource><extension url="http://hl7.org/fhir/StructureDefinition/implementationguide-page"><valueUri value="Goal-ExampleMcBeePersonalHealthGoal3.html"/></extension><reference><reference value="Goal/ExampleMcBeePersonalHealthGoal3"/></reference><name value="ExampleMcBeePersonalHealthGoal3"/><description value="Example Patient McBee Personal Health Goal 3"/><exampleCanonical value="http://hl7.org/fhir/us/pacio-adi/StructureDefinition/PADI-PersonalHealthGoal"/><groupingId value="_ex_example"/></resource><resource><extension url="http://hl7.org/fhir/StructureDefinition/implementationguide-page"><valueUri value="Goal-ExampleMcBeePersonalHealthGoal4.html"/></extension><reference><reference value="Goal/ExampleMcBeePersonalHealthGoal4"/></reference><name value="ExampleMcBeePersonalHealthGoal4"/><description value="Example Patient McBee Personal Health Goal 4"/><exampleCanonical value="http://hl7.org/fhir/us/pacio-adi/StructureDefinition/PADI-PersonalHealthGoal"/><groupingId value="_ex_example"/></resource><resource><extension url="http://hl7.org/fhir/StructureDefinition/implementationguide-page"><valueUri value="Goal-ExampleMcBeePersonalHealthGoal5.html"/></extension><reference><reference value="Goal/ExampleMcBeePersonalHealthGoal5"/></reference><name value="ExampleMcBeePersonalHealthGoal5"/><description value="Example Patient McBee Personal Health Goal 5"/><exampleCanonical value="http://hl7.org/fhir/us/pacio-adi/StructureDefinition/PADI-PersonalHealthGoal"/><groupingId value="_ex_example"/></resource><resource><extension url="http://hl7.org/fhir/StructureDefinition/implementationguide-page"><valueUri value="Goal-ExampleMcBeePersonalHealthGoal6.html"/></extension><reference><reference value="Goal/ExampleMcBeePersonalHealthGoal6"/></reference><name value="ExampleMcBeePersonalHealthGoal6"/><description value="Example Patient McBee Personal Health Goal 6"/><exampleCanonical value="http://hl7.org/fhir/us/pacio-adi/StructureDefinition/PADI-PersonalHealthGoal"/><groupingId value="_ex_example"/></resource><resource><extension url="http://hl7.org/fhir/StructureDefinition/implementationguide-page"><valueUri value="Goal-ExampleMcBeePersonalHealthGoal7.html"/></extension><reference><reference value="Goal/ExampleMcBeePersonalHealthGoal7"/></reference><name value="ExampleMcBeePersonalHealthGoal7"/><description value="Example Patient McBee Personal Health Goal 7"/><exampleCanonical value="http://hl7.org/fhir/us/pacio-adi/StructureDefinition/PADI-PersonalHealthGoal"/><groupingId value="_ex_example"/></resource><resource><extension url="http://hl7.org/fhir/StructureDefinition/implementationguide-page"><valueUri value="Observation-ExampleMcBeePersonalInterventionPreference1.html"/></extension><reference><reference value="Observation/ExampleMcBeePersonalInterventionPreference1"/></reference><name value="ExampleMcBeePersonalInterventionPreference1"/><description value="Example Patient McBee Personal Intervention Preference (Palliative Care)"/><exampleCanonical value="http://hl7.org/fhir/us/pacio-adi/StructureDefinition/PADI-PersonalInterventionPreference"/><groupingId value="_ex_example"/></resource><resource><extension url="http://hl7.org/fhir/StructureDefinition/implementationguide-page"><valueUri value="Observation-ExampleMcBeePersonalInterventionPreference2.html"/></extension><reference><reference value="Observation/ExampleMcBeePersonalInterventionPreference2"/></reference><name value="ExampleMcBeePersonalInterventionPreference2"/><description value="Example Patient McBee Personal Intervention Preference (Terminal Illness Health Deterioration)"/><exampleCanonical value="http://hl7.org/fhir/us/pacio-adi/StructureDefinition/PADI-PersonalInterventionPreference"/><groupingId value="_ex_example"/></resource><resource><extension url="http://hl7.org/fhir/StructureDefinition/implementationguide-page"><valueUri value="Observation-ExampleMcBeePersonalInterventionPreference3.html"/></extension><reference><reference value="Observation/ExampleMcBeePersonalInterventionPreference3"/></reference><name value="ExampleMcBeePersonalInterventionPreference3"/><description value="Example Patient McBee Personal Intervention Preference (Artificial Nutrition and Hydration)"/><exampleCanonical value="http://hl7.org/fhir/us/pacio-adi/StructureDefinition/PADI-PersonalInterventionPreference"/><groupingId value="_ex_example"/></resource><resource><extension url="http://hl7.org/fhir/StructureDefinition/implementationguide-page"><valueUri value="Observation-ExampleMcBeePersonalInterventionPreference4.html"/></extension><reference><reference value="Observation/ExampleMcBeePersonalInterventionPreference4"/></reference><name value="ExampleMcBeePersonalInterventionPreference4"/><description value="Example Patient McBee Personal Intervention Preference (Severe Illness or Injury)"/><exampleCanonical value="http://hl7.org/fhir/us/pacio-adi/StructureDefinition/PADI-PersonalInterventionPreference"/><groupingId value="_ex_example"/></resource><resource><extension url="http://hl7.org/fhir/StructureDefinition/implementationguide-page"><valueUri value="Observation-ExampleMcBeePersonalInterventionPreference5.html"/></extension><reference><reference value="Observation/ExampleMcBeePersonalInterventionPreference5"/></reference><name value="ExampleMcBeePersonalInterventionPreference5"/><description value="Example Patient McBee Personal Intervention Preference (Thoughts on CPR 1)"/><exampleCanonical value="http://hl7.org/fhir/us/pacio-adi/StructureDefinition/PADI-PersonalInterventionPreference"/><groupingId value="_ex_example"/></resource><resource><extension url="http://hl7.org/fhir/StructureDefinition/implementationguide-page"><valueUri value="Observation-ExampleMcBeePersonalInterventionPreference6.html"/></extension><reference><reference value="Observation/ExampleMcBeePersonalInterventionPreference6"/></reference><name value="ExampleMcBeePersonalInterventionPreference6"/><description value="Example Patient McBee Personal Intervention Preference (THoughts on CPR 2)"/><exampleCanonical value="http://hl7.org/fhir/us/pacio-adi/StructureDefinition/PADI-PersonalInterventionPreference"/><groupingId value="_ex_example"/></resource><resource><extension url="http://hl7.org/fhir/StructureDefinition/implementationguide-page"><valueUri value="Observation-ExampleMcBeePersonalInterventionPreference7.html"/></extension><reference><reference value="Observation/ExampleMcBeePersonalInterventionPreference7"/></reference><name value="ExampleMcBeePersonalInterventionPreference7"/><description value="Example Patient McBee Personal Intervention Preference (Preferred Location for Last Days)"/><exampleCanonical value="http://hl7.org/fhir/us/pacio-adi/StructureDefinition/PADI-PersonalInterventionPreference"/><groupingId value="_ex_example"/></resource><resource><extension url="http://hl7.org/fhir/StructureDefinition/implementationguide-page"><valueUri value="List-ExampleMcBeePersonalPrioritiesOrganizer1.html"/></extension><reference><reference value="List/ExampleMcBeePersonalPrioritiesOrganizer1"/></reference><name value="ExampleMcBeePersonalPrioritiesOrganizer1"/><description value="Example Patient McBee Personal Priorities Organizer"/><exampleCanonical value="http://hl7.org/fhir/us/pacio-adi/StructureDefinition/PADI-PersonalPrioritiesOrganizer"/><groupingId value="_ex_example"/></resource><page><nameUrl value="toc.html"/><title value="Table of Contents"/><generation value="html"/><page><nameUrl value="index.html"/><title value="Home"/><generation value="markdown"/></page><page><nameUrl value="advance_directive_use_case.html"/><title value="Advance Directive Use Case"/><generation value="markdown"/></page><page><nameUrl value="business_case.html"/><title value="Business Case"/><generation value="markdown"/></page><page><nameUrl value="downloads.html"/><title value="Downloads"/><generation value="markdown"/></page><page><nameUrl value="introduction.html"/><title value="Introduction"/><generation value="markdown"/></page><page><nameUrl value="patient_stories_and_personas.html"/><title value="Patient Stories and Personas"/><generation value="markdown"/></page><page><nameUrl value="profile_highlights_and_guidance.html"/><title value="Profile Highlights and Guidance"/><generation value="markdown"/></page><page><nameUrl value="profiles.html"/><title value="Profiles"/><generation value="markdown"/></page><page><nameUrl value="security.html"/><title value="Security"/><generation value="markdown"/></page><page><nameUrl value="underlying_technologies.html"/><title value="Underlying Technologies"/><generation value="markdown"/></page><page><nameUrl value="use_cases.html"/><title value="Use Cases"/><generation value="markdown"/></page><page><nameUrl value="artifacts.html"/><title value="Artifacts Summary"/><generation value="html"/><page><nameUrl value="StructureDefinition-PADI-Header.html"/><title value="PACIO ADI Header"/><generation value="generated"/></page><page><nameUrl value="StructureDefinition-PADI-AutopsyObservation.html"/><title value="ADI Autopsy Observation"/><generation value="generated"/></page><page><nameUrl value="StructureDefinition-PADI-CareExperiencePreference.html"/><title value="ADI Care Experience Preference"/><generation value="generated"/></page><page><nameUrl value="StructureDefinition-PADI-ConsentForHealthcareAgent.html"/><title value="ADI Consent for Healthcare Agent"/><generation value="generated"/></page><page><nameUrl value="StructureDefinition-PADI-DocumentReference.html"/><title value="PACIO ADI Document Reference"/><generation value="generated"/></page><page><nameUrl value="StructureDefinition-PADI-Endpoint.html"/><title value="PACIO ADI Endpoint"/><generation value="generated"/></page><page><nameUrl value="StructureDefinition-PADI-Guardian.html"/><title value="ADI Guardian"/><generation value="generated"/></page><page><nameUrl value="StructureDefinition-PADI-HealthcareAgent.html"/><title value="ADI Healthcare Agent"/><generation value="generated"/></page><page><nameUrl value="StructureDefinition-PADI-HealthcareAgentAuthority.html"/><title value="ADI Healthcare Agent Authority"/><generation value="generated"/></page><page><nameUrl value="StructureDefinition-PADI-OrganDonationObservation.html"/><title value="ADI Organ Donation"/><generation value="generated"/></page><page><nameUrl value="StructureDefinition-PADI-PACPComposition.html"/><title value="ADI Personal Advance Care Plan Composition"/><generation value="generated"/></page><page><nameUrl value="StructureDefinition-PADI-PMOLSTObservation.html"/><title value="ADI PMOLST Observation"/><generation value="generated"/></page><page><nameUrl value="StructureDefinition-PADI-PersonalHealthGoal.html"/><title value="ADI Personal Health Goal"/><generation value="generated"/></page><page><nameUrl value="StructureDefinition-PADI-PersonalInterventionPreference.html"/><title value="ADI Personal Intervention Preference"/><generation value="generated"/></page><page><nameUrl value="StructureDefinition-PADI-PersonalPrioritiesOrganizer.html"/><title value="ADI Personal Priorities Organizer"/><generation value="generated"/></page><page><nameUrl value="StructureDefinition-PADI-Provenance.html"/><title value="PACIO ADI Provenance"/><generation value="generated"/></page><page><nameUrl value="StructureDefinition-padi-authorization-extension.html"/><title value="Authorization"/><generation value="generated"/></page><page><nameUrl value="StructureDefinition-padi-dataEnterer-extension.html"/><title value="Data Enterer"/><generation value="generated"/></page><page><nameUrl value="StructureDefinition-padi-informant-extension.html"/><title value="Informant"/><generation value="generated"/></page><page><nameUrl value="StructureDefinition-padi-informatioRecipient-extension.html"/><title value="Information Recipient"/><generation value="generated"/></page><page><nameUrl value="StructureDefinition-padi-order-extension.html"/><title value="Order"/><generation value="generated"/></page><page><nameUrl value="StructureDefinition-padi-participant-extension.html"/><title value="Participant"/><generation value="generated"/></page><page><nameUrl value="StructureDefinition-padi-performer-extension.html"/><title value="Informant"/><generation value="generated"/></page><page><nameUrl value="StructureDefinition-padi-versionNumber-extension.html"/><title value="Version Number"/><generation value="generated"/></page><page><nameUrl value="ValueSet-PADIAdvanceDirectiveCategoriesVS.html"/><title value="Advance Directive Categories"/><generation value="generated"/></page><page><nameUrl value="ValueSet-PADICareExperiencePreferencesVS.html"/><title value="Care Experience Preferences"/><generation value="generated"/></page><page><nameUrl value="ValueSet-PADIHealthGoalsVS.html"/><title value="Health Goals"/><generation value="generated"/></page><page><nameUrl value="ValueSet-PADIHealthcareAgentOrProxyChoicesVS.html"/><title value="Healthcare Agent or Proxy Choices"/><generation value="generated"/></page><page><nameUrl value="ValueSet-PADIHealthcareAgentRelationshipVS.html"/><title value="Healthcare Agent Relationships"/><generation value="generated"/></page><page><nameUrl value="ValueSet-PADIInterventionPreferencesVS.html"/><title value="Intervention Preferences"/><generation value="generated"/></page><page><nameUrl value="ValueSet-PADIPersonalAndLegalRelationshipRoleTypeVS.html"/><title value="Personal And Legal Relationship Role Type"/><generation value="generated"/></page><page><nameUrl value="Observation-ExampleMcBeeAutopsyDonationObservation1.html"/><title value="ExampleMcBeeAutopsyDonationObservation1"/><generation value="generated"/></page><page><nameUrl value="Bundle-ExampleMcBeeBundle1.html"/><title value="ExampleMcBeeBundle1"/><generation value="generated"/></page><page><nameUrl value="Observation-ExampleMcBeeCareExperiencePreference1.html"/><title value="ExampleMcBeeCareExperiencePreference1"/><generation value="generated"/></page><page><nameUrl value="Observation-ExampleMcBeeCareExperiencePreference2.html"/><title value="ExampleMcBeeCareExperiencePreference2"/><generation value="generated"/></page><page><nameUrl value="Observation-ExampleMcBeeCareExperiencePreference3.html"/><title value="ExampleMcBeeCareExperiencePreference3"/><generation value="generated"/></page><page><nameUrl value="Observation-ExampleMcBeeCareExperiencePreference4.html"/><title value="ExampleMcBeeCareExperiencePreference4"/><generation value="generated"/></page><page><nameUrl value="Observation-ExampleMcBeeCareExperiencePreference5.html"/><title value="ExampleMcBeeCareExperiencePreference5"/><generation value="generated"/></page><page><nameUrl value="RelatedPerson-ExampleMcBeeHealthcareAgent1.html"/><title value="ExampleMcBeeHealthcareAgent1"/><generation value="generated"/></page><page><nameUrl value="RelatedPerson-ExampleMcBeeHealthcareAgent2.html"/><title value="ExampleMcBeeHealthcareAgent2"/><generation value="generated"/></page><page><nameUrl value="Observation-ExampleMcBeeOrganDonationObservation1.html"/><title value="ExampleMcBeeOrganDonationObservation1"/><generation value="generated"/></page><page><nameUrl value="Organization-ExampleMcBeeOrganizationAssembler1.html"/><title value="ExampleMcBeeOrganizationAssembler1"/><generation value="generated"/></page><page><nameUrl value="Organization-ExampleMcBeeOrganizationCustodian1.html"/><title value="ExampleMcBeeOrganizationCustodian1"/><generation value="generated"/></page><page><nameUrl value="Composition-ExampleMcBeePACPComposition1.html"/><title value="ExampleMcBeePACPComposition1"/><generation value="generated"/></page><page><nameUrl value="Provenance-ExampleMcBeePACPProvenance1.html"/><title value="ExampleMcBeePACPProvenance1"/><generation value="generated"/></page><page><nameUrl value="Patient-ExampleMcBeePatient1.html"/><title value="ExampleMcBeePatient1"/><generation value="generated"/></page><page><nameUrl value="Goal-ExampleMcBeePersonalHealthGoal1.html"/><title value="ExampleMcBeePersonalHealthGoal1"/><generation value="generated"/></page><page><nameUrl value="Goal-ExampleMcBeePersonalHealthGoal2.html"/><title value="ExampleMcBeePersonalHealthGoal2"/><generation value="generated"/></page><page><nameUrl value="Goal-ExampleMcBeePersonalHealthGoal3.html"/><title value="ExampleMcBeePersonalHealthGoal3"/><generation value="generated"/></page><page><nameUrl value="Goal-ExampleMcBeePersonalHealthGoal4.html"/><title value="ExampleMcBeePersonalHealthGoal4"/><generation value="generated"/></page><page><nameUrl value="Goal-ExampleMcBeePersonalHealthGoal5.html"/><title value="ExampleMcBeePersonalHealthGoal5"/><generation value="generated"/></page><page><nameUrl value="Goal-ExampleMcBeePersonalHealthGoal6.html"/><title value="ExampleMcBeePersonalHealthGoal6"/><generation value="generated"/></page><page><nameUrl value="Goal-ExampleMcBeePersonalHealthGoal7.html"/><title value="ExampleMcBeePersonalHealthGoal7"/><generation value="generated"/></page><page><nameUrl value="Observation-ExampleMcBeePersonalInterventionPreference1.html"/><title value="ExampleMcBeePersonalInterventionPreference1"/><generation value="generated"/></page><page><nameUrl value="Observation-ExampleMcBeePersonalInterventionPreference2.html"/><title value="ExampleMcBeePersonalInterventionPreference2"/><generation value="generated"/></page><page><nameUrl value="Observation-ExampleMcBeePersonalInterventionPreference3.html"/><title value="ExampleMcBeePersonalInterventionPreference3"/><generation value="generated"/></page><page><nameUrl value="Observation-ExampleMcBeePersonalInterventionPreference4.html"/><title value="ExampleMcBeePersonalInterventionPreference4"/><generation value="generated"/></page><page><nameUrl value="Observation-ExampleMcBeePersonalInterventionPreference5.html"/><title value="ExampleMcBeePersonalInterventionPreference5"/><generation value="generated"/></page><page><nameUrl value="Observation-ExampleMcBeePersonalInterventionPreference6.html"/><title value="ExampleMcBeePersonalInterventionPreference6"/><generation value="generated"/></page><page><nameUrl value="Observation-ExampleMcBeePersonalInterventionPreference7.html"/><title value="ExampleMcBeePersonalInterventionPreference7"/><generation value="generated"/></page><page><nameUrl value="List-ExampleMcBeePersonalPrioritiesOrganizer1.html"/><title value="ExampleMcBeePersonalPrioritiesOrganizer1"/><generation value="generated"/></page></page></page><parameter><code value="path-resource"/><value value="input/capabilities"/></parameter><parameter><code value="path-resource"/><value value="input/examples"/></parameter><parameter><code value="path-resource"/><value value="input/extensions"/></parameter><parameter><code value="path-resource"/><value value="input/models"/></parameter><parameter><code value="path-resource"/><value value="input/operations"/></parameter><parameter><code value="path-resource"/><value value="input/profiles"/></parameter><parameter><code value="path-resource"/><value value="input/resources"/></parameter><parameter><code value="path-resource"/><value value="input/vocabulary"/></parameter><parameter><code value="path-resource"/><value value="input/maps"/></parameter><parameter><code value="path-resource"/><value value="input/testing"/></parameter><parameter><code value="path-resource"/><value value="input/history"/></parameter><parameter><code value="path-resource"/><value value="fsh-generated/resources"/></parameter><parameter><code value="path-pages"/><value value="template/config"/></parameter><parameter><code value="path-pages"/><value value="input/images"/></parameter><parameter><code value="path-tx-cache"/><value value="input-cache/txcache"/></parameter></definition></ImplementationGuide>