<?xml version="1.0" encoding="UTF-8"?>

<ImplementationGuide xmlns="http://hl7.org/fhir">
  <id value="hl7.fhir.us.pacio-adi"/>
  <text>
    <status value="extensions"/><div xmlns="http://www.w3.org/1999/xhtml"><h2>PACIOAdvanceDirectiveInteroperability</h2><p>The official URL for this implementation guide is: </p><pre>http://hl7.org/fhir/us/pacio-adi/ImplementationGuide/hl7.fhir.us.pacio-adi</pre><div><p>PACIO Advance Directive Interoperability Implementation Guide</p>
</div></div>
  </text>
  <url value="http://hl7.org/fhir/us/pacio-adi/ImplementationGuide/hl7.fhir.us.pacio-adi"/>
  <version value="0.0.1"/>
  <name value="PACIOAdvanceDirectiveInteroperability"/>
  <title value="PACIO Advance Directive Interoperability Implementation Guide"/>
  <status value="draft"/>
  <date value="2021-05-07T09:41:18-07:00"/>
  <publisher value="HL7 Patient Empowerment Working Group"/>
  <contact>
    <name value="HL7 Patient Empowerment Working Group"/>
    <telecom>
      <system value="url"/>
      <value value="http://www.hl7.org/Special/committees/patientempowerment/index.cfm"/>
    </telecom>
    <telecom>
      <system value="email"/>
      <value value="patients@lists.HL7.org"/>
    </telecom>
  </contact>
  <description value="PACIO Advance Directive Interoperability Implementation Guide"/>
  <jurisdiction>
    <coding>
      <system value="urn:iso:std:iso:3166"/>
      <code value="US"/>
    </coding>
  </jurisdiction>
  <packageId value="hl7.fhir.us.pacio-adi"/>
  <license value="CC0-1.0"/>
  <fhirVersion value="4.0.1"/>
  <dependsOn id="hl7_fhir_us_core">
    <uri value="http://hl7.org/fhir/us/core/ImplementationGuide/hl7.fhir.us.core"/>
    <packageId value="hl7.fhir.us.core"/>
    <version value="3.1.1"/>
  </dependsOn>
  <definition>
    <extension url="http://hl7.org/fhir/tools/StructureDefinition/ig-parameter">
      <extension url="code">
        <valueString value="copyrightyear"/>
      </extension>
      <extension url="value">
        <valueString value="2021+"/>
      </extension>
    </extension>
    <extension url="http://hl7.org/fhir/tools/StructureDefinition/ig-parameter">
      <extension url="code">
        <valueString value="releaselabel"/>
      </extension>
      <extension url="value">
        <valueString value="STU1"/>
      </extension>
    </extension>
    <extension url="http://hl7.org/fhir/tools/StructureDefinition/ig-parameter">
      <extension url="code">
        <valueString value="show-inherited-invariants"/>
      </extension>
      <extension url="value">
        <valueString value="false"/>
      </extension>
    </extension>
    <extension url="http://hl7.org/fhir/tools/StructureDefinition/ig-parameter">
      <extension url="code">
        <valueString value="apply-jurisdiction"/>
      </extension>
      <extension url="value">
        <valueString value="true"/>
      </extension>
    </extension>
    <extension url="http://hl7.org/fhir/tools/StructureDefinition/ig-parameter">
      <extension url="code">
        <valueString value="apply-publisher"/>
      </extension>
      <extension url="value">
        <valueString value="true"/>
      </extension>
    </extension>
    <extension url="http://hl7.org/fhir/tools/StructureDefinition/ig-parameter">
      <extension url="code">
        <valueString value="path-history"/>
      </extension>
      <extension url="value">
        <valueString value="http://hl7.org/fhir/us/pacio-adi/history.html"/>
      </extension>
    </extension>
    <extension url="http://hl7.org/fhir/tools/StructureDefinition/ig-parameter">
      <extension url="code">
        <valueString value="autoload-resources"/>
      </extension>
      <extension url="value">
        <valueString value="true"/>
      </extension>
    </extension>
    <extension url="http://hl7.org/fhir/tools/StructureDefinition/ig-parameter">
      <extension url="code">
        <valueString value="path-liquid"/>
      </extension>
      <extension url="value">
        <valueString value="template/liquid"/>
      </extension>
    </extension>
    <extension url="http://hl7.org/fhir/tools/StructureDefinition/ig-parameter">
      <extension url="code">
        <valueString value="path-liquid"/>
      </extension>
      <extension url="value">
        <valueString value="input/liquid"/>
      </extension>
    </extension>
    <extension url="http://hl7.org/fhir/tools/StructureDefinition/ig-parameter">
      <extension url="code">
        <valueString value="path-qa"/>
      </extension>
      <extension url="value">
        <valueString value="temp/qa"/>
      </extension>
    </extension>
    <extension url="http://hl7.org/fhir/tools/StructureDefinition/ig-parameter">
      <extension url="code">
        <valueString value="path-temp"/>
      </extension>
      <extension url="value">
        <valueString value="temp/pages"/>
      </extension>
    </extension>
    <extension url="http://hl7.org/fhir/tools/StructureDefinition/ig-parameter">
      <extension url="code">
        <valueString value="path-output"/>
      </extension>
      <extension url="value">
        <valueString value="output"/>
      </extension>
    </extension>
    <extension url="http://hl7.org/fhir/tools/StructureDefinition/ig-parameter">
      <extension url="code">
        <valueString value="path-suppressed-warnings"/>
      </extension>
      <extension url="value">
        <valueString value="input/ignoreWarnings.txt"/>
      </extension>
    </extension>
    <extension url="http://hl7.org/fhir/tools/StructureDefinition/ig-parameter">
      <extension url="code">
        <valueString value="template-html"/>
      </extension>
      <extension url="value">
        <valueString value="template-page.html"/>
      </extension>
    </extension>
    <extension url="http://hl7.org/fhir/tools/StructureDefinition/ig-parameter">
      <extension url="code">
        <valueString value="template-md"/>
      </extension>
      <extension url="value">
        <valueString value="template-page-md.html"/>
      </extension>
    </extension>
    <extension url="http://hl7.org/fhir/tools/StructureDefinition/ig-parameter">
      <extension url="code">
        <valueString value="apply-contact"/>
      </extension>
      <extension url="value">
        <valueString value="true"/>
      </extension>
    </extension>
    <extension url="http://hl7.org/fhir/tools/StructureDefinition/ig-parameter">
      <extension url="code">
        <valueString value="apply-context"/>
      </extension>
      <extension url="value">
        <valueString value="true"/>
      </extension>
    </extension>
    <extension url="http://hl7.org/fhir/tools/StructureDefinition/ig-parameter">
      <extension url="code">
        <valueString value="apply-copyright"/>
      </extension>
      <extension url="value">
        <valueString value="true"/>
      </extension>
    </extension>
    <extension url="http://hl7.org/fhir/tools/StructureDefinition/ig-parameter">
      <extension url="code">
        <valueString value="apply-license"/>
      </extension>
      <extension url="value">
        <valueString value="true"/>
      </extension>
    </extension>
    <extension url="http://hl7.org/fhir/tools/StructureDefinition/ig-parameter">
      <extension url="code">
        <valueString value="apply-version"/>
      </extension>
      <extension url="value">
        <valueString value="true"/>
      </extension>
    </extension>
    <extension url="http://hl7.org/fhir/tools/StructureDefinition/ig-parameter">
      <extension url="code">
        <valueString value="active-tables"/>
      </extension>
      <extension url="value">
        <valueString value="true"/>
      </extension>
    </extension>
    <resource>
      <extension url="http://hl7.org/fhir/tools/StructureDefinition/resource-information">
        <valueString value="StructureDefinition:resource"/>
      </extension>
      <reference>
        <reference value="StructureDefinition/PADI-AutopsyObservation"/>
      </reference>
      <name value="ADI Autopsy Observation"/>
      <description value="This profile is used to represent the author&#39;s thoughts about autopsy."/>
      <exampleBoolean value="false"/>
    </resource>
    <resource>
      <extension url="http://hl7.org/fhir/tools/StructureDefinition/resource-information">
        <valueString value="StructureDefinition:resource"/>
      </extension>
      <reference>
        <reference value="StructureDefinition/PADI-CareExperiencePreference"/>
      </reference>
      <name value="ADI Care Experience Preference"/>
      <description value="Care Experience Preference is a clinical statement that presents the author&#39;s personal thoughts about something he or she feels is relevant to his or her care experience and may be pertinent when planning his or her care."/>
      <exampleBoolean value="false"/>
    </resource>
    <resource>
      <extension url="http://hl7.org/fhir/tools/StructureDefinition/resource-information">
        <valueString value="StructureDefinition:resource"/>
      </extension>
      <reference>
        <reference value="StructureDefinition/PADI-ConsentForHealthcareAgent"/>
      </reference>
      <name value="ADI Consent for Healthcare Agent"/>
      <description value="This profile is used for the healthcare agent to consent/express acceptance of being appointed as the agent for the patient."/>
      <exampleBoolean value="false"/>
    </resource>
    <resource>
      <extension url="http://hl7.org/fhir/tools/StructureDefinition/resource-information">
        <valueString value="StructureDefinition:resource"/>
      </extension>
      <reference>
        <reference value="StructureDefinition/PADI-DocumentReference"/>
      </reference>
      <name value="PACIO ADI Document Reference"/>
      <description value="This profile defines constraints that represent the information needed to register an advance directive information document on a FHIR server."/>
      <exampleBoolean value="false"/>
    </resource>
    <resource>
      <extension url="http://hl7.org/fhir/tools/StructureDefinition/resource-information">
        <valueString value="StructureDefinition:resource"/>
      </extension>
      <reference>
        <reference value="StructureDefinition/PADI-Endpoint"/>
      </reference>
      <name value="PACIO ADI Endpoint"/>
      <description value="TODO A an Advance Directive Endpoint"/>
      <exampleBoolean value="false"/>
    </resource>
    <resource>
      <extension url="http://hl7.org/fhir/tools/StructureDefinition/resource-information">
        <valueString value="StructureDefinition:resource"/>
      </extension>
      <reference>
        <reference value="StructureDefinition/PADI-Guardian"/>
      </reference>
      <name value="ADI Guardian"/>
      <description value="This profile will show a relationship to a ward."/>
      <exampleBoolean value="false"/>
    </resource>
    <resource>
      <extension url="http://hl7.org/fhir/tools/StructureDefinition/resource-information">
        <valueString value="StructureDefinition:resource:abstract"/>
      </extension>
      <reference>
        <reference value="StructureDefinition/PADI-Header"/>
      </reference>
      <name value="PACIO ADI Header"/>
      <description value="This abstract profile defines constraints that represent common administrative and demographic concepts for advance directives information used in US Realm clinical documents."/>
      <exampleBoolean value="false"/>
    </resource>
    <resource>
      <extension url="http://hl7.org/fhir/tools/StructureDefinition/resource-information">
        <valueString value="StructureDefinition:resource"/>
      </extension>
      <reference>
        <reference value="StructureDefinition/PADI-HealthcareAgent"/>
      </reference>
      <name value="ADI Healthcare Agent"/>
      <description value="This profile represents a person&#39;s appointment of a healthcare agent."/>
      <exampleBoolean value="false"/>
    </resource>
    <resource>
      <extension url="http://hl7.org/fhir/tools/StructureDefinition/resource-information">
        <valueString value="StructureDefinition:resource"/>
      </extension>
      <reference>
        <reference value="StructureDefinition/PADI-HealthcareAgentAuthority"/>
      </reference>
      <name value="ADI Healthcare Agent Authority"/>
      <description value="This profile is used to represent a power or limitation granted to a person acting as a healthcare agent."/>
      <exampleBoolean value="false"/>
    </resource>
    <resource>
      <extension url="http://hl7.org/fhir/tools/StructureDefinition/resource-information">
        <valueString value="StructureDefinition:resource"/>
      </extension>
      <reference>
        <reference value="StructureDefinition/PADI-OrganDonationObservation"/>
      </reference>
      <name value="ADI Organ Donation"/>
      <description value="This profile is used to represent the author&#39;s thoughts about organ donation."/>
      <exampleBoolean value="false"/>
    </resource>
    <resource>
      <extension url="http://hl7.org/fhir/tools/StructureDefinition/resource-information">
        <valueString value="StructureDefinition:resource"/>
      </extension>
      <reference>
        <reference value="StructureDefinition/PADI-PACPComposition"/>
      </reference>
      <name value="ADI Personal Advance Care Plan Composition"/>
      <description value="This profile encompasses information that makes up the author&#x2019;s advance care information plan."/>
      <exampleBoolean value="false"/>
    </resource>
    <resource>
      <extension url="http://hl7.org/fhir/tools/StructureDefinition/resource-information">
        <valueString value="StructureDefinition:resource"/>
      </extension>
      <reference>
        <reference value="StructureDefinition/PADI-PMOLSTObservation"/>
      </reference>
      <name value="ADI PMOLST Observation"/>
      <description value="This profile is used to indicate if a person has a medical order or physician order for life sustaining treatment (MOLST or POLST)."/>
      <exampleBoolean value="false"/>
    </resource>
    <resource>
      <extension url="http://hl7.org/fhir/tools/StructureDefinition/resource-information">
        <valueString value="StructureDefinition:resource"/>
      </extension>
      <reference>
        <reference value="StructureDefinition/PADI-PersonalHealthGoal"/>
      </reference>
      <name value="ADI Personal Health Goal"/>
      <description value="[TODO] This profile is used to represent the author&#39;s personal health goals."/>
      <exampleBoolean value="false"/>
    </resource>
    <resource>
      <extension url="http://hl7.org/fhir/tools/StructureDefinition/resource-information">
        <valueString value="StructureDefinition:resource"/>
      </extension>
      <reference>
        <reference value="StructureDefinition/PADI-PersonalInterventionPreference"/>
      </reference>
      <name value="ADI Personal Intervention Preference"/>
      <description value="This profile is used to represent a personal preference for a type of medical intervention (treatment)."/>
      <exampleBoolean value="false"/>
    </resource>
    <resource>
      <extension url="http://hl7.org/fhir/tools/StructureDefinition/resource-information">
        <valueString value="StructureDefinition:resource"/>
      </extension>
      <reference>
        <reference value="StructureDefinition/PADI-PersonalInterventionRequestPreference"/>
      </reference>
      <name value="ADI Personal Intervention Request Preference"/>
      <description value="This profile is used to represent a personal preference for a type of medical intervention (treatment) request under certain conditions."/>
      <exampleBoolean value="false"/>
    </resource>
    <resource>
      <extension url="http://hl7.org/fhir/tools/StructureDefinition/resource-information">
        <valueString value="StructureDefinition:resource"/>
      </extension>
      <reference>
        <reference value="StructureDefinition/PADI-PersonalPrioritiesOrganizer"/>
      </reference>
      <name value="ADI Personal Priorities Organizer"/>
      <description value="Personal Priorities Organizer is used to represent a set of personal goals, preferences or care experiences in a preferred ranked order."/>
      <exampleBoolean value="false"/>
    </resource>
    <resource>
      <extension url="http://hl7.org/fhir/tools/StructureDefinition/resource-information">
        <valueString value="StructureDefinition:resource"/>
      </extension>
      <reference>
        <reference value="StructureDefinition/PADI-Provenance"/>
      </reference>
      <name value="PACIO ADI Provenance"/>
      <description value="[TODO] Advance Directive Interoperability Provanance baed on US Core"/>
      <exampleBoolean value="false"/>
    </resource>
    <resource>
      <extension url="http://hl7.org/fhir/tools/StructureDefinition/resource-information">
        <valueString value="StructureDefinition:extension"/>
      </extension>
      <reference>
        <reference value="StructureDefinition/padi-authorization-extension"/>
      </reference>
      <name value="Authorization"/>
      <description value="The Advance Directive Information Authorization Extension contains the ADI Consent profile which represents information about a patient&#x2019;s consents."/>
      <exampleBoolean value="false"/>
    </resource>
    <resource>
      <extension url="http://hl7.org/fhir/tools/StructureDefinition/resource-information">
        <valueString value="StructureDefinition:extension"/>
      </extension>
      <reference>
        <reference value="StructureDefinition/padi-dataEnterer-extension"/>
      </reference>
      <name value="Data Enterer"/>
      <description value="Data Enterer Extension represents the person who transferred the content, written or dictated, into the Advance Directive document. To clarify, an author provides the content, subject to their own interpretation; a dataEnterer adds an author&#x2019;s information to the electronic system."/>
      <exampleBoolean value="false"/>
    </resource>
    <resource>
      <extension url="http://hl7.org/fhir/tools/StructureDefinition/resource-information">
        <valueString value="StructureDefinition:extension"/>
      </extension>
      <reference>
        <reference value="StructureDefinition/padi-informant-extension"/>
      </reference>
      <name value="Informant"/>
      <description value="The Advance Directive Information Informant Extension describes an information source for any content within the Advance Directive document. This informant is constrained for use when the source of information is an assigned health care provider for the patient."/>
      <exampleBoolean value="false"/>
    </resource>
    <resource>
      <extension url="http://hl7.org/fhir/tools/StructureDefinition/resource-information">
        <valueString value="StructureDefinition:extension"/>
      </extension>
      <reference>
        <reference value="StructureDefinition/padi-informationRecipient-extension"/>
      </reference>
      <name value="Information Recipient"/>
      <description value="The Information Recipient Extension records the intended recipient of the advance directive information at the time the document was created."/>
      <exampleBoolean value="false"/>
    </resource>
    <resource>
      <extension url="http://hl7.org/fhir/tools/StructureDefinition/resource-information">
        <valueString value="StructureDefinition:extension"/>
      </extension>
      <reference>
        <reference value="StructureDefinition/padi-order-extension"/>
      </reference>
      <name value="Order"/>
      <description value="The Advance Directive Information Order Extension represents orders that are fulfilled by this document such as a radiologists report of an x-ray."/>
      <exampleBoolean value="false"/>
    </resource>
    <resource>
      <extension url="http://hl7.org/fhir/tools/StructureDefinition/resource-information">
        <valueString value="StructureDefinition:extension"/>
      </extension>
      <reference>
        <reference value="StructureDefinition/padi-participant-extension"/>
      </reference>
      <name value="Participant"/>
      <description value="The Advance Directive Information Participant Extension identifies supporting entities, including parents, relatives, caregivers, insurance policyholders, guarantors, and others related in some way to the patient. A supporting person or organization is an individual or an organization with a relationship to the patient. A supporting person who is playing multiple roles would be recorded in multiple participants (e.g., emergency contact and next-of-kin)."/>
      <exampleBoolean value="false"/>
    </resource>
    <resource>
      <extension url="http://hl7.org/fhir/tools/StructureDefinition/resource-information">
        <valueString value="StructureDefinition:extension"/>
      </extension>
      <reference>
        <reference value="StructureDefinition/padi-performer-extension"/>
      </reference>
      <name value="Informant"/>
      <description value="The Advance Directive Information Performer Extension represents clinicians who actually and principally carry out the clinical services being documented. In a transfer of care this represents the healthcare providers involved in the current or pertinent historical care of the patient. Preferably, the patients key healthcare care team members would be listed, particularly their primary physician and any active consulting physicians, therapists, and counselors."/>
      <exampleBoolean value="false"/>
    </resource>
    <resource>
      <extension url="http://hl7.org/fhir/tools/StructureDefinition/resource-information">
        <valueString value="StructureDefinition:extension"/>
      </extension>
      <reference>
        <reference value="StructureDefinition/padi-versionNumber-extension"/>
      </reference>
      <name value="Version Number"/>
      <description value="Advance Directive Information VersionNumber Extension represents a numeric value used to version successive replacement documents."/>
      <exampleBoolean value="false"/>
    </resource>
    <resource>
      <extension url="http://hl7.org/fhir/tools/StructureDefinition/resource-information">
        <valueString value="ValueSet"/>
      </extension>
      <reference>
        <reference value="ValueSet/PADIAdvanceDirectiveCategoriesVS"/>
      </reference>
      <name value="Advance Directive Categories"/>
      <description value="Kinds of Advance Directives&#xD;&#xA;&#xD;&#xA;This ValueSet is managed at the US National Library of Medicine (NLM) Value Set Authority Center (VSAC): https://vsac.nlm.nih.gov/valueset/2.16.840.1.113883.11.20.9.69.4/expansion"/>
      <exampleBoolean value="false"/>
    </resource>
    <resource>
      <extension url="http://hl7.org/fhir/tools/StructureDefinition/resource-information">
        <valueString value="ValueSet"/>
      </extension>
      <reference>
        <reference value="ValueSet/PADIAutopsyVS"/>
      </reference>
      <name value="Autopsy Thoughts"/>
      <description value="This value set includes the concept representing an individual&#39;s thoughts on autopsy after death."/>
      <exampleBoolean value="false"/>
    </resource>
    <resource>
      <extension url="http://hl7.org/fhir/tools/StructureDefinition/resource-information">
        <valueString value="ValueSet"/>
      </extension>
      <reference>
        <reference value="ValueSet/PADICareExperiencePreferencesVS"/>
      </reference>
      <name value="Care Experience Preferences"/>
      <description value="This value set includes concepts representing an individual&#39;s care experience preferences at end of life which can be expressed by the individual in his or her advance care plan),(Data Element Scope: The intent of this value set is to identify personal care experience preferences that may be relevant and could be considered by clinicians when making a treatment/care plan for the person.&#xD;&#xA;&#xD;&#xA;This ValueSet is managed at the US National Library of Medicine (NLM) Value Set Authority Center (VSAC): https://vsac.nlm.nih.gov/valueset/2.16.840.1.113762.1.4.1115.11/expansion"/>
      <exampleBoolean value="false"/>
    </resource>
    <resource>
      <extension url="http://hl7.org/fhir/tools/StructureDefinition/resource-information">
        <valueString value="ValueSet"/>
      </extension>
      <reference>
        <reference value="ValueSet/PADIHealthGoalsVS"/>
      </reference>
      <name value="Health Goals"/>
      <description value="Clinical Focus: This value set includes concepts representing an individual&#39;s goals at end of life which can be expressed by the individual in his or her advance care plan.),(Data Element Scope: The intent of this value set is to identify personal goals that may be relevant and could be considered by clinicians when making a treatment/care plan for the person.),(Inclusion Criteria: Include member value sets for Health Goals at end of life for LOINC and SNOMED CT.),(Exclusion Criteria: None.&#xD;&#xA;&#xD;&#xA;This ValueSet is managed at the US National Library of Medicine (NLM) Value Set Authority Center (VSAC): https://vsac.nlm.nih.gov/valueset/2.16.840.1.113762.1.4.1115.7/expansion"/>
      <exampleBoolean value="false"/>
    </resource>
    <resource>
      <extension url="http://hl7.org/fhir/tools/StructureDefinition/resource-information">
        <valueString value="ValueSet"/>
      </extension>
      <reference>
        <reference value="ValueSet/PADIHealthcareAgentOrProxyChoicesVS"/>
      </reference>
      <name value="Healthcare Agent or Proxy Choices"/>
      <description value="This value set identifies the healthcare agent or proxy roles that individuals commonly designate to empower surrogates to make medical treatment and care decisions when the individual is unable to effectively communicate with medical personnel or requires assistance with decision making.&#xD;&#xA;&#xD;&#xA;This ValueSet is managed at the US National Library of Medicine (NLM) Value Set Authority Center (VSAC): https://vsac.nlm.nih.gov/valueset/2.16.840.1.113762.1.4.1046.35/expansion"/>
      <exampleBoolean value="false"/>
    </resource>
    <resource>
      <extension url="http://hl7.org/fhir/tools/StructureDefinition/resource-information">
        <valueString value="ValueSet"/>
      </extension>
      <reference>
        <reference value="ValueSet/PADIHealthcareAgentRelationshipVS"/>
      </reference>
      <name value="Healthcare Agent Relationships"/>
      <description value="[TODO] This value set identifies the healthcare agent or proxy roles that individuals commonly designate to empower surrogates to make medical treatment and care decisions when the individual is unable to effectively communicate with medical personnel or requires assistance with decision making.&#xD;&#xA;&#xD;&#xA;This ValueSet is managed at the US National Library of Medicine (NLM) Value Set Authority Center (VSAC): https://vsac.nlm.nih.gov/valueset/2.16.840.1.113762.1.4.1046.35/expansion"/>
      <exampleBoolean value="false"/>
    </resource>
    <resource>
      <extension url="http://hl7.org/fhir/tools/StructureDefinition/resource-information">
        <valueString value="ValueSet"/>
      </extension>
      <reference>
        <reference value="ValueSet/PADIInterventionPreferencesVS"/>
      </reference>
      <name value="Intervention Preferences"/>
      <description value="Clinical Focus: This value set includes concepts representing an individual&#39;s intervention preferences which can be expressed by the individual in his or her advance care plan.),(Data Element Scope: The intent of this value set is to identify personal intervention preferences that may be relevant and could be considered by clinicians or any person or organization that is providing care, treatment, or performing any other type of act to or on behalf of the individual.)"/>
      <exampleBoolean value="false"/>
    </resource>
    <resource>
      <extension url="http://hl7.org/fhir/tools/StructureDefinition/resource-information">
        <valueString value="ValueSet"/>
      </extension>
      <reference>
        <reference value="ValueSet/PADIOrganDonationVS"/>
      </reference>
      <name value="Organ Donation"/>
      <description value="This value set includes the concept representing an individual&#39;s thoughts on organ and tissue donation after death."/>
      <exampleBoolean value="false"/>
    </resource>
    <resource>
      <extension url="http://hl7.org/fhir/tools/StructureDefinition/resource-information">
        <valueString value="ValueSet"/>
      </extension>
      <reference>
        <reference value="ValueSet/PADIPersonalAndLegalRelationshipRoleTypeVS"/>
      </reference>
      <name value="Personal And Legal Relationship Role Type"/>
      <description value="Clinical Focus: A personal or legal relationship records the role of a person in relation to another person, or a person to himself or herself. This value set is to be used when recording relationships based on personal or family ties or through legal assignment of responsibility."/>
      <exampleBoolean value="false"/>
    </resource>
    <resource>
      <extension url="http://hl7.org/fhir/tools/StructureDefinition/resource-information">
        <valueString value="ValueSet"/>
      </extension>
      <reference>
        <reference value="ValueSet/PADIUponDeathPreferencesVS"/>
      </reference>
      <name value="Upon Death Preferences"/>
      <description value="This value set includes concepts representing an individual&#39;s preferences of treatment."/>
      <exampleBoolean value="false"/>
    </resource>
    <resource>
      <extension url="http://hl7.org/fhir/tools/StructureDefinition/resource-information">
        <valueString value="Observation"/>
      </extension>
      <reference>
        <reference value="Observation/Example-McBee-AutopsyObservation1"/>
      </reference>
      <name value="Example-McBee-AutopsyObservation1"/>
      <description value="Example Patient McBee Autopsy Observation (Thoughts Regarding Autopsy)"/>
      <exampleCanonical value="http://hl7.org/fhir/us/pacio-adi/StructureDefinition/PADI-AutopsyObservation"/>
    </resource>
    <resource>
      <extension url="http://hl7.org/fhir/tools/StructureDefinition/resource-information">
        <valueString value="Bundle"/>
      </extension>
      <reference>
        <reference value="Bundle/Example-McBee-Bundle1"/>
      </reference>
      <name value="Example-McBee-Bundle1"/>
      <description value="Example Patient McBee ADI Document Bundle McBee 1"/>
      <exampleBoolean value="true"/>
    </resource>
    <resource>
      <extension url="http://hl7.org/fhir/tools/StructureDefinition/resource-information">
        <valueString value="Observation"/>
      </extension>
      <reference>
        <reference value="Observation/Example-McBee-CareExperiencePreference1"/>
      </reference>
      <name value="Example-McBee-CareExperiencePreference1"/>
      <description value="Example Patient McBee Care Experience Preference (My Joys)"/>
      <exampleCanonical value="http://hl7.org/fhir/us/pacio-adi/StructureDefinition/PADI-CareExperiencePreference"/>
    </resource>
    <resource>
      <extension url="http://hl7.org/fhir/tools/StructureDefinition/resource-information">
        <valueString value="Observation"/>
      </extension>
      <reference>
        <reference value="Observation/Example-McBee-CareExperiencePreference2"/>
      </reference>
      <name value="Example-McBee-CareExperiencePreference2"/>
      <description value="Example Patient McBee Care Experience Preference (How to care for me)"/>
      <exampleCanonical value="http://hl7.org/fhir/us/pacio-adi/StructureDefinition/PADI-CareExperiencePreference"/>
    </resource>
    <resource>
      <extension url="http://hl7.org/fhir/tools/StructureDefinition/resource-information">
        <valueString value="Observation"/>
      </extension>
      <reference>
        <reference value="Observation/Example-McBee-CareExperiencePreference3"/>
      </reference>
      <name value="Example-McBee-CareExperiencePreference3"/>
      <description value="Example Patient McBee Care Experience Preference (Religious affiliation contact)"/>
      <exampleCanonical value="http://hl7.org/fhir/us/pacio-adi/StructureDefinition/PADI-CareExperiencePreference"/>
    </resource>
    <resource>
      <extension url="http://hl7.org/fhir/tools/StructureDefinition/resource-information">
        <valueString value="Observation"/>
      </extension>
      <reference>
        <reference value="Observation/Example-McBee-CareExperiencePreference4"/>
      </reference>
      <name value="Example-McBee-CareExperiencePreference4"/>
      <description value="Example Patient McBee Care Experience Preference (My unfinished business)"/>
      <exampleCanonical value="http://hl7.org/fhir/us/pacio-adi/StructureDefinition/PADI-CareExperiencePreference"/>
    </resource>
    <resource>
      <extension url="http://hl7.org/fhir/tools/StructureDefinition/resource-information">
        <valueString value="RelatedPerson"/>
      </extension>
      <reference>
        <reference value="RelatedPerson/Example-McBee-HealthcareAgent1"/>
      </reference>
      <name value="Example-McBee-HealthcareAgent1"/>
      <description value="Example Patient McBee Healthcare Agent (Sally Bobbins)"/>
      <exampleCanonical value="http://hl7.org/fhir/us/pacio-adi/StructureDefinition/PADI-HealthcareAgent"/>
    </resource>
    <resource>
      <extension url="http://hl7.org/fhir/tools/StructureDefinition/resource-information">
        <valueString value="RelatedPerson"/>
      </extension>
      <reference>
        <reference value="RelatedPerson/Example-McBee-HealthcareAgent2"/>
      </reference>
      <name value="Example-McBee-HealthcareAgent2"/>
      <description value="Example Patient McBee Healthcare Agent (S. Leaonard Susskind)"/>
      <exampleCanonical value="http://hl7.org/fhir/us/pacio-adi/StructureDefinition/PADI-HealthcareAgent"/>
    </resource>
    <resource>
      <extension url="http://hl7.org/fhir/tools/StructureDefinition/resource-information">
        <valueString value="Observation"/>
      </extension>
      <reference>
        <reference value="Observation/Example-McBee-OrganDonationObservation1"/>
      </reference>
      <name value="Example-McBee-OrganDonationObservation1"/>
      <description value="Example Patient McBee Organ Donation Observation 1"/>
      <exampleCanonical value="http://hl7.org/fhir/us/pacio-adi/StructureDefinition/PADI-OrganDonationObservation"/>
    </resource>
    <resource>
      <extension url="http://hl7.org/fhir/tools/StructureDefinition/resource-information">
        <valueString value="Organization"/>
      </extension>
      <reference>
        <reference value="Organization/Example-McBee-OrganizationAssembler1"/>
      </reference>
      <name value="Example-McBee-OrganizationAssembler1"/>
      <description value="Example Patient McBee Assembler Organization"/>
      <exampleBoolean value="true"/>
    </resource>
    <resource>
      <extension url="http://hl7.org/fhir/tools/StructureDefinition/resource-information">
        <valueString value="Organization"/>
      </extension>
      <reference>
        <reference value="Organization/Example-McBee-OrganizationCustodian1"/>
      </reference>
      <name value="Example-McBee-OrganizationCustodian1"/>
      <description value="Example Patient McBee Custodian Organization"/>
      <exampleBoolean value="true"/>
    </resource>
    <resource>
      <extension url="http://hl7.org/fhir/tools/StructureDefinition/resource-information">
        <valueString value="Composition"/>
      </extension>
      <reference>
        <reference value="Composition/Example-McBee-PACPComposition1"/>
      </reference>
      <name value="Example-McBee-PACPComposition1"/>
      <description value="Example Patient McBee Personal Advance Care Plan Composition Example 1"/>
      <exampleCanonical value="http://hl7.org/fhir/us/pacio-adi/StructureDefinition/PADI-PACPComposition"/>
    </resource>
    <resource>
      <extension url="http://hl7.org/fhir/tools/StructureDefinition/resource-information">
        <valueString value="Provenance"/>
      </extension>
      <reference>
        <reference value="Provenance/Example-McBee-PACPProvenance1"/>
      </reference>
      <name value="Example-McBee-PACPProvenance1"/>
      <description value="Example Patient McBee Provenance"/>
      <exampleCanonical value="http://hl7.org/fhir/us/pacio-adi/StructureDefinition/PADI-Provenance"/>
    </resource>
    <resource>
      <extension url="http://hl7.org/fhir/tools/StructureDefinition/resource-information">
        <valueString value="Patient"/>
      </extension>
      <reference>
        <reference value="Patient/Example-McBee-Patient1"/>
      </reference>
      <name value="Example-McBee-Patient1"/>
      <description value="Example Patient McBee Patient Example 1"/>
      <exampleBoolean value="true"/>
    </resource>
    <resource>
      <extension url="http://hl7.org/fhir/tools/StructureDefinition/resource-information">
        <valueString value="Goal"/>
      </extension>
      <reference>
        <reference value="Goal/Example-McBee-PersonalHealthGoal1"/>
      </reference>
      <name value="Example-McBee-PersonalHealthGoal1"/>
      <description value="Example Patient McBee Personal Health Goal 1"/>
      <exampleCanonical value="http://hl7.org/fhir/us/pacio-adi/StructureDefinition/PADI-PersonalHealthGoal"/>
    </resource>
    <resource>
      <extension url="http://hl7.org/fhir/tools/StructureDefinition/resource-information">
        <valueString value="Goal"/>
      </extension>
      <reference>
        <reference value="Goal/Example-McBee-PersonalHealthGoal2"/>
      </reference>
      <name value="Example-McBee-PersonalHealthGoal2"/>
      <description value="Example Patient McBee Personal Health Goal 2"/>
      <exampleCanonical value="http://hl7.org/fhir/us/pacio-adi/StructureDefinition/PADI-PersonalHealthGoal"/>
    </resource>
    <resource>
      <extension url="http://hl7.org/fhir/tools/StructureDefinition/resource-information">
        <valueString value="Goal"/>
      </extension>
      <reference>
        <reference value="Goal/Example-McBee-PersonalHealthGoal3"/>
      </reference>
      <name value="Example-McBee-PersonalHealthGoal3"/>
      <description value="Example Patient McBee Personal Health Goal 3"/>
      <exampleCanonical value="http://hl7.org/fhir/us/pacio-adi/StructureDefinition/PADI-PersonalHealthGoal"/>
    </resource>
    <resource>
      <extension url="http://hl7.org/fhir/tools/StructureDefinition/resource-information">
        <valueString value="Goal"/>
      </extension>
      <reference>
        <reference value="Goal/Example-McBee-PersonalHealthGoal4"/>
      </reference>
      <name value="Example-McBee-PersonalHealthGoal4"/>
      <description value="Example Patient McBee Personal Health Goal 4"/>
      <exampleCanonical value="http://hl7.org/fhir/us/pacio-adi/StructureDefinition/PADI-PersonalHealthGoal"/>
    </resource>
    <resource>
      <extension url="http://hl7.org/fhir/tools/StructureDefinition/resource-information">
        <valueString value="Goal"/>
      </extension>
      <reference>
        <reference value="Goal/Example-McBee-PersonalHealthGoal5"/>
      </reference>
      <name value="Example-McBee-PersonalHealthGoal5"/>
      <description value="Example Patient McBee Personal Health Goal 5"/>
      <exampleCanonical value="http://hl7.org/fhir/us/pacio-adi/StructureDefinition/PADI-PersonalHealthGoal"/>
    </resource>
    <resource>
      <extension url="http://hl7.org/fhir/tools/StructureDefinition/resource-information">
        <valueString value="Goal"/>
      </extension>
      <reference>
        <reference value="Goal/Example-McBee-PersonalHealthGoal6"/>
      </reference>
      <name value="Example-McBee-PersonalHealthGoal6"/>
      <description value="Example Patient McBee Personal Health Goal 6"/>
      <exampleCanonical value="http://hl7.org/fhir/us/pacio-adi/StructureDefinition/PADI-PersonalHealthGoal"/>
    </resource>
    <resource>
      <extension url="http://hl7.org/fhir/tools/StructureDefinition/resource-information">
        <valueString value="Goal"/>
      </extension>
      <reference>
        <reference value="Goal/Example-McBee-PersonalHealthGoal7"/>
      </reference>
      <name value="Example-McBee-PersonalHealthGoal7"/>
      <description value="Example Patient McBee Personal Health Goal 7"/>
      <exampleCanonical value="http://hl7.org/fhir/us/pacio-adi/StructureDefinition/PADI-PersonalHealthGoal"/>
    </resource>
    <resource>
      <extension url="http://hl7.org/fhir/tools/StructureDefinition/resource-information">
        <valueString value="Observation"/>
      </extension>
      <reference>
        <reference value="Observation/Example-McBee-PersonalInterventionPreference1"/>
      </reference>
      <name value="Example-McBee-PersonalInterventionPreference1"/>
      <description value="Example Patient McBee Personal Intervention Preference (Palliative Care)"/>
      <exampleCanonical value="http://hl7.org/fhir/us/pacio-adi/StructureDefinition/PADI-PersonalInterventionPreference"/>
    </resource>
    <resource>
      <extension url="http://hl7.org/fhir/tools/StructureDefinition/resource-information">
        <valueString value="Observation"/>
      </extension>
      <reference>
        <reference value="Observation/Example-McBee-PersonalInterventionPreference2"/>
      </reference>
      <name value="Example-McBee-PersonalInterventionPreference2"/>
      <description value="Example Patient McBee Personal Intervention Preference (Terminal Illness Health Deterioration)"/>
      <exampleCanonical value="http://hl7.org/fhir/us/pacio-adi/StructureDefinition/PADI-PersonalInterventionPreference"/>
    </resource>
    <resource>
      <extension url="http://hl7.org/fhir/tools/StructureDefinition/resource-information">
        <valueString value="Observation"/>
      </extension>
      <reference>
        <reference value="Observation/Example-McBee-PersonalInterventionPreference3"/>
      </reference>
      <name value="Example-McBee-PersonalInterventionPreference3"/>
      <description value="Example Patient McBee Personal Intervention Preference (Artificial Nutrition and Hydration)"/>
      <exampleCanonical value="http://hl7.org/fhir/us/pacio-adi/StructureDefinition/PADI-PersonalInterventionPreference"/>
    </resource>
    <resource>
      <extension url="http://hl7.org/fhir/tools/StructureDefinition/resource-information">
        <valueString value="Observation"/>
      </extension>
      <reference>
        <reference value="Observation/Example-McBee-PersonalInterventionPreference4"/>
      </reference>
      <name value="Example-McBee-PersonalInterventionPreference4"/>
      <description value="Example Patient McBee Personal Intervention Preference (Severe Illness or Injury)"/>
      <exampleCanonical value="http://hl7.org/fhir/us/pacio-adi/StructureDefinition/PADI-PersonalInterventionPreference"/>
    </resource>
    <resource>
      <extension url="http://hl7.org/fhir/tools/StructureDefinition/resource-information">
        <valueString value="Observation"/>
      </extension>
      <reference>
        <reference value="Observation/Example-McBee-PersonalInterventionPreference5"/>
      </reference>
      <name value="Example-McBee-PersonalInterventionPreference5"/>
      <description value="Example Patient McBee Personal Intervention Preference (Thoughts on CPR 1)"/>
      <exampleCanonical value="http://hl7.org/fhir/us/pacio-adi/StructureDefinition/PADI-PersonalInterventionPreference"/>
    </resource>
    <resource>
      <extension url="http://hl7.org/fhir/tools/StructureDefinition/resource-information">
        <valueString value="Observation"/>
      </extension>
      <reference>
        <reference value="Observation/Example-McBee-PersonalInterventionPreference6"/>
      </reference>
      <name value="Example-McBee-PersonalInterventionPreference6"/>
      <description value="Example Patient McBee Personal Intervention Preference (THoughts on CPR 2)"/>
      <exampleCanonical value="http://hl7.org/fhir/us/pacio-adi/StructureDefinition/PADI-PersonalInterventionPreference"/>
    </resource>
    <resource>
      <extension url="http://hl7.org/fhir/tools/StructureDefinition/resource-information">
        <valueString value="Observation"/>
      </extension>
      <reference>
        <reference value="Observation/Example-McBee-PersonalInterventionPreference7"/>
      </reference>
      <name value="Example-McBee-PersonalInterventionPreference7"/>
      <description value="Example Patient McBee Personal Intervention Preference (Preferred Location for Last Days)"/>
      <exampleCanonical value="http://hl7.org/fhir/us/pacio-adi/StructureDefinition/PADI-PersonalInterventionPreference"/>
    </resource>
    <resource>
      <extension url="http://hl7.org/fhir/tools/StructureDefinition/resource-information">
        <valueString value="Observation"/>
      </extension>
      <reference>
        <reference value="Observation/Example-McBee-PersonalInterventionPreference8"/>
      </reference>
      <name value="Example-McBee-PersonalInterventionPreference8"/>
      <description value="Example Patient McBee Personal Intervention Preference (Death arrangements)"/>
      <exampleCanonical value="http://hl7.org/fhir/us/pacio-adi/StructureDefinition/PADI-PersonalInterventionPreference"/>
    </resource>
    <resource>
      <extension url="http://hl7.org/fhir/tools/StructureDefinition/resource-information">
        <valueString value="List"/>
      </extension>
      <reference>
        <reference value="List/Example-McBee-PersonalPrioritiesOrganizer1"/>
      </reference>
      <name value="Example-McBee-PersonalPrioritiesOrganizer1"/>
      <description value="Example Patient McBee Personal Priorities Organizer"/>
      <exampleCanonical value="http://hl7.org/fhir/us/pacio-adi/StructureDefinition/PADI-PersonalPrioritiesOrganizer"/>
    </resource>
    <resource>
      <extension url="http://hl7.org/fhir/tools/StructureDefinition/resource-information">
        <valueString value="Observation"/>
      </extension>
      <reference>
        <reference value="Observation/Example-Smith-Johnson-AutopsyObservation1"/>
      </reference>
      <name value="Example-Smith-Johnson-AutopsyObservation1"/>
      <description value="Example Patient Smith-Johnson Autopsy Observation (Thoughts Regarding Autopsy)"/>
      <exampleCanonical value="http://hl7.org/fhir/us/pacio-adi/StructureDefinition/PADI-AutopsyObservation"/>
    </resource>
    <resource>
      <extension url="http://hl7.org/fhir/tools/StructureDefinition/resource-information">
        <valueString value="Bundle"/>
      </extension>
      <reference>
        <reference value="Bundle/Example-Smith-Johnson-Bundle1"/>
      </reference>
      <name value="Example-Smith-Johnson-Bundle1"/>
      <description value="Example Patient Smith-Johnson ADI Document Bundle Smith-Johnson 1"/>
      <exampleBoolean value="true"/>
    </resource>
    <resource>
      <extension url="http://hl7.org/fhir/tools/StructureDefinition/resource-information">
        <valueString value="Observation"/>
      </extension>
      <reference>
        <reference value="Observation/Example-Smith-Johnson-CareExperiencePreference1"/>
      </reference>
      <name value="Example-Smith-Johnson-CareExperiencePreference1"/>
      <description value="Example Patient Smith-Johnson Care Experience Preference (Role of Religion)"/>
      <exampleCanonical value="http://hl7.org/fhir/us/pacio-adi/StructureDefinition/PADI-CareExperiencePreference"/>
    </resource>
    <resource>
      <extension url="http://hl7.org/fhir/tools/StructureDefinition/resource-information">
        <valueString value="Observation"/>
      </extension>
      <reference>
        <reference value="Observation/Example-Smith-Johnson-CareExperiencePreference2"/>
      </reference>
      <name value="Example-Smith-Johnson-CareExperiencePreference2"/>
      <description value="Example Patient Smith-Johnson Care Experience Preference (My Likes and Joys)"/>
      <exampleCanonical value="http://hl7.org/fhir/us/pacio-adi/StructureDefinition/PADI-CareExperiencePreference"/>
    </resource>
    <resource>
      <extension url="http://hl7.org/fhir/tools/StructureDefinition/resource-information">
        <valueString value="Observation"/>
      </extension>
      <reference>
        <reference value="Observation/Example-Smith-Johnson-CareExperiencePreference3"/>
      </reference>
      <name value="Example-Smith-Johnson-CareExperiencePreference3"/>
      <description value="Example Patient Smith-Johnson Care Experience Preference (My Dislikes and Fears)"/>
      <exampleCanonical value="http://hl7.org/fhir/us/pacio-adi/StructureDefinition/PADI-CareExperiencePreference"/>
    </resource>
    <resource>
      <extension url="http://hl7.org/fhir/tools/StructureDefinition/resource-information">
        <valueString value="Observation"/>
      </extension>
      <reference>
        <reference value="Observation/Example-Smith-Johnson-CareExperiencePreference4"/>
      </reference>
      <name value="Example-Smith-Johnson-CareExperiencePreference4"/>
      <description value="Example Patient Smith-Johnson Care Experience Preference (How to Care for Me)"/>
      <exampleCanonical value="http://hl7.org/fhir/us/pacio-adi/StructureDefinition/PADI-CareExperiencePreference"/>
    </resource>
    <resource>
      <extension url="http://hl7.org/fhir/tools/StructureDefinition/resource-information">
        <valueString value="Observation"/>
      </extension>
      <reference>
        <reference value="Observation/Example-Smith-Johnson-CareExperiencePreference5"/>
      </reference>
      <name value="Example-Smith-Johnson-CareExperiencePreference5"/>
      <description value="Example Patient Smith-Johnson Care Experience Preference (My Religion)"/>
      <exampleCanonical value="http://hl7.org/fhir/us/pacio-adi/StructureDefinition/PADI-CareExperiencePreference"/>
    </resource>
    <resource>
      <extension url="http://hl7.org/fhir/tools/StructureDefinition/resource-information">
        <valueString value="Observation"/>
      </extension>
      <reference>
        <reference value="Observation/Example-Smith-Johnson-CareExperiencePreference6"/>
      </reference>
      <name value="Example-Smith-Johnson-CareExperiencePreference6"/>
      <description value="Example Patient Smith-Johnson Care Experience Preference (Religious Contact)"/>
      <exampleCanonical value="http://hl7.org/fhir/us/pacio-adi/StructureDefinition/PADI-CareExperiencePreference"/>
    </resource>
    <resource>
      <extension url="http://hl7.org/fhir/tools/StructureDefinition/resource-information">
        <valueString value="Observation"/>
      </extension>
      <reference>
        <reference value="Observation/Example-Smith-Johnson-CareExperiencePreference7"/>
      </reference>
      <name value="Example-Smith-Johnson-CareExperiencePreference7"/>
      <description value="Example Patient Smith-Johnson Care Experience Preference (Religious Contact)"/>
      <exampleCanonical value="http://hl7.org/fhir/us/pacio-adi/StructureDefinition/PADI-CareExperiencePreference"/>
    </resource>
    <resource>
      <extension url="http://hl7.org/fhir/tools/StructureDefinition/resource-information">
        <valueString value="Observation"/>
      </extension>
      <reference>
        <reference value="Observation/Example-Smith-Johnson-CareExperiencePreference8"/>
      </reference>
      <name value="Example-Smith-Johnson-CareExperiencePreference8"/>
      <description value="Example Patient Smith-Johnson Care Experience Preference (Religious Contact)"/>
      <exampleCanonical value="http://hl7.org/fhir/us/pacio-adi/StructureDefinition/PADI-CareExperiencePreference"/>
    </resource>
    <resource>
      <extension url="http://hl7.org/fhir/tools/StructureDefinition/resource-information">
        <valueString value="Binary"/>
      </extension>
      <reference>
        <reference value="Binary/Example-Smith-Johnson-DocRef-Binary1"/>
      </reference>
      <name value="Example-Smith-Johnson-DocRef-Binary1"/>
      <description value="Example Patient Smith-Johnson DocumentReference Binary Data Attachment"/>
      <exampleBoolean value="true"/>
    </resource>
    <resource>
      <extension url="http://hl7.org/fhir/tools/StructureDefinition/resource-information">
        <valueString value="Device"/>
      </extension>
      <reference>
        <reference value="Device/Example-Smith-Johnson-DocRef-Device1"/>
      </reference>
      <name value="Example-Smith-Johnson-DocRef-Device1"/>
      <description value="Example Patient Smith-Johnson DocumentReference Device"/>
      <exampleBoolean value="true"/>
    </resource>
    <resource>
      <extension url="http://hl7.org/fhir/tools/StructureDefinition/resource-information">
        <valueString value="DocumentReference"/>
      </extension>
      <reference>
        <reference value="DocumentReference/Example-Smith-Johnson-DocRef-DocumentReference"/>
      </reference>
      <name value="Example-Smith-Johnson-DocRef-DocumentReference"/>
      <description value="Example Patient Smith-Johnson DocumentReference DocumentReference"/>
      <exampleBoolean value="true"/>
    </resource>
    <resource>
      <extension url="http://hl7.org/fhir/tools/StructureDefinition/resource-information">
        <valueString value="RelatedPerson"/>
      </extension>
      <reference>
        <reference value="RelatedPerson/Example-Smith-Johnson-HealthcareAgent1"/>
      </reference>
      <name value="Example-Smith-Johnson-HealthcareAgent1"/>
      <description value="Example Patient Smith-Johnson Healthcare Agent (Charles Johnson)"/>
      <exampleCanonical value="http://hl7.org/fhir/us/pacio-adi/StructureDefinition/PADI-HealthcareAgent"/>
    </resource>
    <resource>
      <extension url="http://hl7.org/fhir/tools/StructureDefinition/resource-information">
        <valueString value="RelatedPerson"/>
      </extension>
      <reference>
        <reference value="RelatedPerson/Example-Smith-Johnson-HealthcareAgent2"/>
      </reference>
      <name value="Example-Smith-Johnson-HealthcareAgent2"/>
      <description value="Example Patient Smith-Johnson Healthcare Agent (Debra Johnson)"/>
      <exampleCanonical value="http://hl7.org/fhir/us/pacio-adi/StructureDefinition/PADI-HealthcareAgent"/>
    </resource>
    <resource>
      <extension url="http://hl7.org/fhir/tools/StructureDefinition/resource-information">
        <valueString value="Observation"/>
      </extension>
      <reference>
        <reference value="Observation/Example-Smith-Johnson-OrganDonationObservation1"/>
      </reference>
      <name value="Example-Smith-Johnson-OrganDonationObservation1"/>
      <description value="Example Patient Smith-Johnson Organ Donation Observation 1"/>
      <exampleCanonical value="http://hl7.org/fhir/us/pacio-adi/StructureDefinition/PADI-OrganDonationObservation"/>
    </resource>
    <resource>
      <extension url="http://hl7.org/fhir/tools/StructureDefinition/resource-information">
        <valueString value="Organization"/>
      </extension>
      <reference>
        <reference value="Organization/Example-Smith-Johnson-OrganizationAssembler1"/>
      </reference>
      <name value="Example-Smith-Johnson-OrganizationAssembler1"/>
      <description value="Example Patient Smith-Johnson Assembler Organization"/>
      <exampleBoolean value="true"/>
    </resource>
    <resource>
      <extension url="http://hl7.org/fhir/tools/StructureDefinition/resource-information">
        <valueString value="Organization"/>
      </extension>
      <reference>
        <reference value="Organization/Example-Smith-Johnson-OrganizationCustodian1"/>
      </reference>
      <name value="Example-Smith-Johnson-OrganizationCustodian1"/>
      <description value="Example Patient Smith-Johnson Custodian Organization"/>
      <exampleBoolean value="true"/>
    </resource>
    <resource>
      <extension url="http://hl7.org/fhir/tools/StructureDefinition/resource-information">
        <valueString value="Composition"/>
      </extension>
      <reference>
        <reference value="Composition/Example-Smith-Johnson-PACPComposition1"/>
      </reference>
      <name value="Example-Smith-Johnson-PACPComposition1"/>
      <description value="Example Patient Smith-Johnson Personal Advance Care Plan Composition Example 1"/>
      <exampleCanonical value="http://hl7.org/fhir/us/pacio-adi/StructureDefinition/PADI-PACPComposition"/>
    </resource>
    <resource>
      <extension url="http://hl7.org/fhir/tools/StructureDefinition/resource-information">
        <valueString value="Provenance"/>
      </extension>
      <reference>
        <reference value="Provenance/Example-Smith-Johnson-PACPProvenance1"/>
      </reference>
      <name value="Example-Smith-Johnson-PACPProvenance1"/>
      <description value="Example Patient Smith-Johnson Provenance"/>
      <exampleCanonical value="http://hl7.org/fhir/us/pacio-adi/StructureDefinition/PADI-Provenance"/>
    </resource>
    <resource>
      <extension url="http://hl7.org/fhir/tools/StructureDefinition/resource-information">
        <valueString value="Patient"/>
      </extension>
      <reference>
        <reference value="Patient/Example-Smith-Johnson-Patient1"/>
      </reference>
      <name value="Example-Smith-Johnson-Patient1"/>
      <description value="Example Patient Smith-Johnson Patient Example 1"/>
      <exampleBoolean value="true"/>
    </resource>
    <resource>
      <extension url="http://hl7.org/fhir/tools/StructureDefinition/resource-information">
        <valueString value="Goal"/>
      </extension>
      <reference>
        <reference value="Goal/Example-Smith-Johnson-PersonalHealthGoal1"/>
      </reference>
      <name value="Example-Smith-Johnson-PersonalHealthGoal1"/>
      <description value="Example Patient Smith-Johnson Personal Health Goal 1"/>
      <exampleCanonical value="http://hl7.org/fhir/us/pacio-adi/StructureDefinition/PADI-PersonalHealthGoal"/>
    </resource>
    <resource>
      <extension url="http://hl7.org/fhir/tools/StructureDefinition/resource-information">
        <valueString value="Goal"/>
      </extension>
      <reference>
        <reference value="Goal/Example-Smith-Johnson-PersonalHealthGoal2"/>
      </reference>
      <name value="Example-Smith-Johnson-PersonalHealthGoal2"/>
      <description value="Example Patient Smith-Johnson Personal Health Goal 2"/>
      <exampleCanonical value="http://hl7.org/fhir/us/pacio-adi/StructureDefinition/PADI-PersonalHealthGoal"/>
    </resource>
    <resource>
      <extension url="http://hl7.org/fhir/tools/StructureDefinition/resource-information">
        <valueString value="Goal"/>
      </extension>
      <reference>
        <reference value="Goal/Example-Smith-Johnson-PersonalHealthGoal3"/>
      </reference>
      <name value="Example-Smith-Johnson-PersonalHealthGoal3"/>
      <description value="Example Patient Smith-Johnson Personal Health Goal 3"/>
      <exampleCanonical value="http://hl7.org/fhir/us/pacio-adi/StructureDefinition/PADI-PersonalHealthGoal"/>
    </resource>
    <resource>
      <extension url="http://hl7.org/fhir/tools/StructureDefinition/resource-information">
        <valueString value="Observation"/>
      </extension>
      <reference>
        <reference value="Observation/Example-Smith-Johnson-PersonalInterventionPreference1"/>
      </reference>
      <name value="Example-Smith-Johnson-PersonalInterventionPreference1"/>
      <description value="Example Patient Smith-Johnson Personal Intervention Preference (Significant Pain or Suffering)"/>
      <exampleCanonical value="http://hl7.org/fhir/us/pacio-adi/StructureDefinition/PADI-PersonalInterventionPreference"/>
    </resource>
    <resource>
      <extension url="http://hl7.org/fhir/tools/StructureDefinition/resource-information">
        <valueString value="Observation"/>
      </extension>
      <reference>
        <reference value="Observation/Example-Smith-Johnson-PersonalInterventionPreference2"/>
      </reference>
      <name value="Example-Smith-Johnson-PersonalInterventionPreference2"/>
      <description value="Example Patient Smith-Johnson Personal Intervention Preference (Specific Circumstance)"/>
      <exampleCanonical value="http://hl7.org/fhir/us/pacio-adi/StructureDefinition/PADI-PersonalInterventionPreference"/>
    </resource>
    <resource>
      <extension url="http://hl7.org/fhir/tools/StructureDefinition/resource-information">
        <valueString value="Observation"/>
      </extension>
      <reference>
        <reference value="Observation/Example-Smith-Johnson-PersonalInterventionPreference3"/>
      </reference>
      <name value="Example-Smith-Johnson-PersonalInterventionPreference3"/>
      <description value="Example Patient Smith-Johnson Personal Intervention Preference (Mental Illness Detioration)"/>
      <exampleCanonical value="http://hl7.org/fhir/us/pacio-adi/StructureDefinition/PADI-PersonalInterventionPreference"/>
    </resource>
    <resource>
      <extension url="http://hl7.org/fhir/tools/StructureDefinition/resource-information">
        <valueString value="Observation"/>
      </extension>
      <reference>
        <reference value="Observation/Example-Smith-Johnson-PersonalInterventionPreference4"/>
      </reference>
      <name value="Example-Smith-Johnson-PersonalInterventionPreference4"/>
      <description value="Example Patient Smith-Johnson Personal Intervention Preference (Severe Irreversable Brain Injury or Illness)"/>
      <exampleCanonical value="http://hl7.org/fhir/us/pacio-adi/StructureDefinition/PADI-PersonalInterventionPreference"/>
    </resource>
    <resource>
      <extension url="http://hl7.org/fhir/tools/StructureDefinition/resource-information">
        <valueString value="Observation"/>
      </extension>
      <reference>
        <reference value="Observation/Example-Smith-Johnson-PersonalInterventionPreference5"/>
      </reference>
      <name value="Example-Smith-Johnson-PersonalInterventionPreference5"/>
      <description value="Example Patient Smith-Johnson Personal Intervention Preference (Final Days Location)"/>
      <exampleCanonical value="http://hl7.org/fhir/us/pacio-adi/StructureDefinition/PADI-PersonalInterventionPreference"/>
    </resource>
    <resource>
      <extension url="http://hl7.org/fhir/tools/StructureDefinition/resource-information">
        <valueString value="Observation"/>
      </extension>
      <reference>
        <reference value="Observation/Example-Smith-Johnson-PersonalInterventionPreference6"/>
      </reference>
      <name value="Example-Smith-Johnson-PersonalInterventionPreference6"/>
      <description value="Example Patient Smith-Johnson Personal Intervention Preference (Death Arrangements)"/>
      <exampleCanonical value="http://hl7.org/fhir/us/pacio-adi/StructureDefinition/PADI-PersonalInterventionPreference"/>
    </resource>
    <resource>
      <extension url="http://hl7.org/fhir/tools/StructureDefinition/resource-information">
        <valueString value="List"/>
      </extension>
      <reference>
        <reference value="List/Example-Smith-Johnson-PersonalPrioritiesOrganizer1"/>
      </reference>
      <name value="Example-Smith-Johnson-PersonalPrioritiesOrganizer1"/>
      <description value="Example Patient Smith-Johnson Personal Priorities Organizer"/>
      <exampleCanonical value="http://hl7.org/fhir/us/pacio-adi/StructureDefinition/PADI-PersonalPrioritiesOrganizer"/>
    </resource>
    <resource>
      <extension url="http://hl7.org/fhir/tools/StructureDefinition/resource-information">
        <valueString value="CapabilityStatement"/>
      </extension>
      <reference>
        <reference value="CapabilityStatement/padi"/>
      </reference>
      <name value="PADI CapabilityStatement"/>
      <description value="This Section describes the expected capabilities of the PACIO Advance Directive Interoperability (ADI) Server actor which is responsible for providing responses to the queries submitted by the ADI Requestors. &#xA;&#xA;There are two primary vehicles in which Advance Directive Information can be conveyed: DocumentReference and Composition. Through a DocumentReference, the ADI may be encoded inside directly as content data or referred to through a content reference (pointing to the ADI included in a resource like Binary). Through a Composition, the complete document may be retrieved through a $document operation or its referred to entries retrieved directly.&#xA;The resources referred to by the composition resource include Observation, Organization, RelatedPerson, Consent, List, and Provenance.&#xA;&#xA;[TODO] Additional guidance on general use"/>
      <exampleBoolean value="false"/>
    </resource>
    <page>
      <nameUrl value="toc.html"/>
      <title value="Table of Contents"/>
      <generation value="html"/>
      <page>
        <nameUrl value="index.html"/>
        <title value="Home"/>
        <generation value="markdown"/>
      </page>
      <page>
        <nameUrl value="advance_directive_use_case.html"/>
        <title value="Advance Directive Use Case"/>
        <generation value="markdown"/>
      </page>
      <page>
        <nameUrl value="business_case.html"/>
        <title value="Business Case"/>
        <generation value="markdown"/>
      </page>
      <page>
        <nameUrl value="downloads.html"/>
        <title value="Downloads"/>
        <generation value="markdown"/>
      </page>
      <page>
        <nameUrl value="introduction.html"/>
        <title value="Introduction"/>
        <generation value="markdown"/>
      </page>
      <page>
        <nameUrl value="patient_stories_and_personas.html"/>
        <title value="Patient Stories and Personas"/>
        <generation value="markdown"/>
      </page>
      <page>
        <nameUrl value="profile_highlights_and_guidance.html"/>
        <title value="Profile Highlights and Guidance"/>
        <generation value="markdown"/>
      </page>
      <page>
        <nameUrl value="profiles.html"/>
        <title value="Profiles"/>
        <generation value="markdown"/>
      </page>
      <page>
        <nameUrl value="security.html"/>
        <title value="Security"/>
        <generation value="markdown"/>
      </page>
      <page>
        <nameUrl value="underlying_technologies.html"/>
        <title value="Underlying Technologies"/>
        <generation value="markdown"/>
      </page>
      <page>
        <nameUrl value="use_cases.html"/>
        <title value="Use Cases"/>
        <generation value="markdown"/>
      </page>
    </page>
    <parameter>
      <code value="path-resource"/>
      <value value="input/capabilities"/>
    </parameter>
    <parameter>
      <code value="path-resource"/>
      <value value="input/examples"/>
    </parameter>
    <parameter>
      <code value="path-resource"/>
      <value value="input/extensions"/>
    </parameter>
    <parameter>
      <code value="path-resource"/>
      <value value="input/models"/>
    </parameter>
    <parameter>
      <code value="path-resource"/>
      <value value="input/operations"/>
    </parameter>
    <parameter>
      <code value="path-resource"/>
      <value value="input/profiles"/>
    </parameter>
    <parameter>
      <code value="path-resource"/>
      <value value="input/resources"/>
    </parameter>
    <parameter>
      <code value="path-resource"/>
      <value value="input/vocabulary"/>
    </parameter>
    <parameter>
      <code value="path-resource"/>
      <value value="input/maps"/>
    </parameter>
    <parameter>
      <code value="path-resource"/>
      <value value="input/testing"/>
    </parameter>
    <parameter>
      <code value="path-resource"/>
      <value value="input/history"/>
    </parameter>
    <parameter>
      <code value="path-resource"/>
      <value value="fsh-generated/resources"/>
    </parameter>
    <parameter>
      <code value="path-pages"/>
      <value value="template/config"/>
    </parameter>
    <parameter>
      <code value="path-pages"/>
      <value value="input/images"/>
    </parameter>
    <parameter>
      <code value="path-tx-cache"/>
      <value value="input-cache/txcache"/>
    </parameter>
  </definition>
</ImplementationGuide>