<?xml version="1.0" encoding="UTF-8"?>

<List xmlns="http://hl7.org/fhir">
  <id value="Example-Smith-Johnson-PersonalPrioritiesOrganizer1"/>
  <meta>
    <profile value="http://hl7.org/fhir/us/pacio-adi/StructureDefinition/PADI-PersonalPrioritiesOrganizer"/>
  </meta>
  <text>
    <status value="generated"/><div xmlns="http://www.w3.org/1999/xhtml"><h2>Priorities for Goals and Preferences</h2><table class="clstu"><tr><td>Mode: workingStatus: currentCode: Goals AndOr preferences in order of priority [Reported]</td></tr><tr><td>Order: Sorted by Priority</td></tr></table><table class="grid"><tr style="backgound-color: #eeeeee"><td><b>Items</b></td></tr><tr><td><a href="Goal-Example-Smith-Johnson-PersonalHealthGoal1.html">Generated Summary: lifecycleStatus: proposed; <span title="Codes: {http://loinc.org 81378-2}">Goals, preferences, and priorities under certain health conditions [Reported]</span>; <span title="Codes: ">If I am so sick or seriously injured that I cannot express my own medical treatment preferences, and if I am not expected to live without additional treatment for my illness, disease, condition or injury, then I want my medical care team to know that these are the things that are most important to me: Avoiding prolonged dependence on machines</span></a></td></tr><tr><td><a href="Goal-Example-Smith-Johnson-PersonalHealthGoal2.html">Generated Summary: lifecycleStatus: proposed; <span title="Codes: {http://loinc.org 81378-2}">Goals, preferences, and priorities under certain health conditions [Reported]</span>; <span title="Codes: ">If I am so sick or seriously injured that I cannot express my own medical treatment preferences, and if I am not expected to live without additional treatment for my illness, disease, condition or injury, then I want my medical care team to know that these are the things that are most important to me: Not being a physical burden to my family</span></a></td></tr><tr><td><a href="Goal-Example-Smith-Johnson-PersonalHealthGoal3.html">Generated Summary: lifecycleStatus: proposed; <span title="Codes: {http://loinc.org 81378-2}">Goals, preferences, and priorities under certain health conditions [Reported]</span>; <span title="Codes: ">If I am so sick or seriously injured that I cannot express my own medical treatment preferences, and if I am not expected to live without additional treatment for my illness, disease, condition or injury, then I want my medical care team to know that these are the things that are most important to me:  Dying at home</span></a></td></tr></table></div>
  </text>
  <status value="current"/>
  <mode value="working"/>
  <title value="Priorities for Goals and Preferences"/>
  <code>
    <coding>
      <system value="http://loinc.org"/>
      <code value="81340-2"/>
      <display value="Goals AndOr preferences in order of priority [Reported]"/>
    </coding>
  </code>
  <orderedBy>
    <coding>
      <system value="http://terminology.hl7.org/CodeSystem/list-order"/>
      <code value="priority"/>
    </coding>
  </orderedBy>
  <entry>
    <item>
      <reference value="Goal/Example-Smith-Johnson-PersonalHealthGoal1"/>
    </item>
  </entry>
  <entry>
    <item>
      <reference value="Goal/Example-Smith-Johnson-PersonalHealthGoal2"/>
    </item>
  </entry>
  <entry>
    <item>
      <reference value="Goal/Example-Smith-Johnson-PersonalHealthGoal3"/>
    </item>
  </entry>
</List>