<?xml version="1.0" encoding="UTF-8"?>

<Observation xmlns="http://hl7.org/fhir">
  <id value="Example-McBee-CareExperiencePreference5"/>
  <meta>
    <profile value="http://hl7.org/fhir/us/pacio-adi/StructureDefinition/PADI-CareExperiencePreference"/>
  </meta>
  <text>
    <status value="additional"/><div xmlns="http://www.w3.org/1999/xhtml"><p><b>Here are my thoughts on funeral or burial plans:</b></p><p>If I were to pass away: <i>I have a plot. My wife has the details, also my secretary, Ms. Williams, will know.</i></p></div>
  </text>
  <status value="final"/>
  <code>
    <coding>
      <system value="http://loinc.org"/>
      <code value="81356-8"/>
      <display value="Death arrangements [Reported]"/>
    </coding>
  </code>
  <valueString value="Here are my thoughts on funeral or burial plans: If I were to pass away:&lt;/b&gt; &lt;i&gt;I have a plot. My wife has the details, also my secretary, Ms. Williams, will know."/>
</Observation>