<?xml version="1.0" encoding="UTF-8"?>

<Observation xmlns="http://hl7.org/fhir">
  <id value="Example-Smith-Johnson-PersonalInterventionPreference3"/>
  <meta>
    <profile value="http://hl7.org/fhir/us/pacio-adi/StructureDefinition/PADI-CareExperiencePreference"/>
  </meta>
  <text>
    <status value="additional"/><div xmlns="http://www.w3.org/1999/xhtml"><p>If my health ever deteriorates due to a terminal illness, and my doctors believe I will not be able to interact meaningfully with my family, friends, or surroundings,</p><p><i>I would like for them to keep trying life-sustaining treatments until my healthcare agent decides it is time to stop and such treatments and let me die gently.</i></p></div>
  </text>
  <status value="final"/>
  <code>
    <coding>
      <system value="http://loinc.org"/>
      <code value="75778-1"/>
      <display value="Information to tell doctors if I have a severe, irreversible brain injury or illness and can&#39;t dress, feed, or bathe myself, or communicate my medical wishes, but can be kept alive [Reported]"/>
    </coding>
  </code>
  <valueString value="If my health ever deteriorates due to a terminal illness, and my doctors believe I will not be able to interact meaningfully with my family, friends, or surroundings, I would like for them to keep trying life-sustaining treatments until my healthcare agent decides it is time to stop and such treatments and let me die gently."/>
</Observation>