<?xml version="1.0" encoding="UTF-8"?>

<Observation xmlns="http://hl7.org/fhir">
  <id value="Example-Smith-Johnson-CareExperiencePreference3"/>
  <meta>
    <profile value="http://hl7.org/fhir/us/pacio-adi/StructureDefinition/PADI-CareExperiencePreference"/>
  </meta>
  <text>
    <status value="additional"/><div xmlns="http://www.w3.org/1999/xhtml"><p><b>My likes / joys:</b></p><p>Here are some examples of the things that I would like to have near me, music that I’d like to hear, and other details of my care that would help to keep me happy and relaxed:</p><p><i>I love the smell of lavender and the feeling of sunshine on my face.</i></p></div>
  </text>
  <status value="final"/>
  <code>
    <coding>
      <system value="http://loinc.org"/>
      <code value="81360-0"/>
      <display value="Death arrangements [Reported]"/>
    </coding>
  </code>
  <valueString value="Here are some examples of the things that I would like to have near me, music that I&#x2019;d like to hear, and other details of my care that would help to keep me happy and relaxed: I love the smell of lavender and the feeling of sunshine on my face."/>
</Observation>