<?xml version="1.0" encoding="UTF-8"?>

<Observation xmlns="http://hl7.org/fhir">
  <id value="CareExperiencePreference2"/>
  <meta>
    <profile value="http://hl7.org/fhir/us/pacio-adi/StructureDefinition/PADI-CareExperiencePreference"/>
  </meta>
  <text>
    <status value="additional"/><div xmlns="http://www.w3.org/1999/xhtml"><p><b>How to care for me:</b> If I become incapacitated and cannot express myself, here is what I would like to tell my healthcare agent, family and friends about how I would like for them to care for me:</p><p><i>I don’t like being treated like an object. I would like to be greeted like a person before working on me.</i></p></div>
  </text>
  <status value="final"/>
  <code>
    <coding>
      <system value="http://loinc.org"/>
      <code value="81380-8"/>
      <display value="Goals, preferences, and priorities for care experience [Reported]"/>
    </coding>
  </code>
  <valueString value="How to care for me: If I become incapacitated and cannot express myself, here is what I would like to tell my healthcare agent, family and friends about how I would like for them to care for me: I don&#x2019;t like being treated like an object. I would like to be greeted like a person before working on me."/>
</Observation>