<?xml version="1.0" encoding="UTF-8"?>

<ValueSet xmlns="http://hl7.org/fhir">
  <id value="PADIOrganDonationVS"/>
  <text>
    <status value="generated"/><div xmlns="http://www.w3.org/1999/xhtml"><ul><li>Include these codes as defined in <a href="http://loinc.org"><code>http://loinc.org</code></a><table class="none"><tr><td style="white-space:nowrap"><b>Code</b></td><td><b>Display</b></td></tr><tr><td><a href="http://details.loinc.org/LOINC/75781-5.html">75781-5</a></td><td>Thoughts on organ and tissue donations [Reported]</td></tr></table></li></ul></div>
  </text>
  <url value="http://hl7.org/fhir/us/pacio-adi/ValueSet/PADIOrganDonationVS"/>
  <version value="0.0.1"/>
  <name value="PADIOrganDonationVS"/>
  <title value="Organ Donation"/>
  <status value="active"/>
  <date value="2021-05-13T12:41:02-07:00"/>
  <publisher value="HL7 Patient Empowerment Working Group"/>
  <contact>
    <name value="HL7 Patient Empowerment Working Group"/>
    <telecom>
      <system value="url"/>
      <value value="http://www.hl7.org/Special/committees/patientempowerment/index.cfm"/>
    </telecom>
    <telecom>
      <system value="email"/>
      <value value="patients@lists.HL7.org"/>
    </telecom>
  </contact>
  <description value="This value set includes the concept representing an individual&#39;s thoughts on organ and tissue donation after death."/>
  <jurisdiction>
    <coding>
      <system value="urn:iso:std:iso:3166"/>
      <code value="US"/>
    </coding>
  </jurisdiction>
  <copyright value="This material contains content from LOINC (http://loinc.org). LOINC is copyright &#xA9; 1995-2020, Regenstrief Institute, Inc. and the Logical Observation Identifiers Names and Codes (LOINC) Committee and is available at no cost under the license at http://loinc.org/license. LOINC&#xAE; is a registered United States trademark of Regenstrief Institute, Inc."/>
  <compose>
    <include>
      <system value="http://loinc.org"/>
      <concept>
        <code value="75781-5"/>
        <display value="Thoughts on organ and tissue donations [Reported]"/>
      </concept>
    </include>
  </compose>
</ValueSet>