<?xml version="1.0" encoding="UTF-8"?>

<Goal xmlns="http://hl7.org/fhir">
  <id value="Example-McBee-PersonalHealthGoal5"/>
  <meta>
    <profile value="http://hl7.org/fhir/us/pacio-adi/StructureDefinition/PADI-PersonalHealthGoal"/>
  </meta>
  <text>
    <status value="additional"/><div xmlns="http://www.w3.org/1999/xhtml"><p><b>If I am so sick or seriously injured that I cannot express my own medical treatment preferences, and if I am not expected to live without additional treatment for my illness, disease, condition or injury, then I want my medical care team to know that these are the things that are most important to me:</b></p><p><i>Resolving conflicts</i></p></div>
  </text>
  <lifecycleStatus value="proposed"/>
  <category>
    <coding>
      <system value="http://loinc.org"/>
      <code value="81378-2"/>
      <display value="Goals, preferences, and priorities under certain health conditions [Reported]"/>
    </coding>
  </category>
  <description>
    <text value="If I am so sick or seriously injured that I cannot express my own medical treatment preferences, and if I am not expected to live without additional treatment for my illness, disease, condition or injury, then I want my medical care team to know that these are the things that are most important to me: Resolving conflicts"/>
  </description>
  <subject>
    <reference value="Patient/Example-McBee-Patient1"/>
  </subject>
</Goal>