{
  "resourceType": "ImplementationGuide",
  "id": "hl7.fhir.us.pacio-adi",
  "text": {
    "status": "extensions",
    "div": "<div xmlns=\"http://www.w3.org/1999/xhtml\"><h2>PACIOAdvanceDirectiveInteroperability</h2><p>The official URL for this implementation guide is: </p><pre>http://hl7.org/fhir/us/pacio-adi/ImplementationGuide/hl7.fhir.us.pacio-adi</pre><div><p>PACIO Advance Directive Interoperability Implementation Guide</p>\n</div></div>"
  },
  "url": "http://hl7.org/fhir/us/pacio-adi/ImplementationGuide/hl7.fhir.us.pacio-adi",
  "version": "0.0.1",
  "name": "PACIOAdvanceDirectiveInteroperability",
  "title": "PACIO Advance Directive Interoperability Implementation Guide",
  "status": "draft",
  "date": "2021-04-22T06:16:14-07:00",
  "publisher": "HL7 Patient Empowerment Working Group",
  "contact": [
    {
      "name": "HL7 Patient Empowerment Working Group",
      "telecom": [
        {
          "system": "url",
          "value": "http://www.hl7.org/Special/committees/patientempowerment/index.cfm"
        },
        {
          "system": "email",
          "value": "patients@lists.HL7.org"
        }
      ]
    }
  ],
  "description": "PACIO Advance Directive Interoperability Implementation Guide",
  "jurisdiction": [
    {
      "coding": [
        {
          "system": "urn:iso:std:iso:3166",
          "code": "US"
        }
      ]
    }
  ],
  "packageId": "hl7.fhir.us.pacio-adi",
  "license": "CC0-1.0",
  "fhirVersion": [
    "4.0.1"
  ],
  "dependsOn": [
    {
      "id": "hl7_fhir_us_core",
      "uri": "http://hl7.org/fhir/us/core/ImplementationGuide/hl7.fhir.us.core",
      "packageId": "hl7.fhir.us.core",
      "version": "3.1.1"
    }
  ],
  "definition": {
    "extension": [
      {
        "extension": [
          {
            "url": "code",
            "valueString": "copyrightyear"
          },
          {
            "url": "value",
            "valueString": "2021+"
          }
        ],
        "url": "http://hl7.org/fhir/tools/StructureDefinition/ig-parameter"
      },
      {
        "extension": [
          {
            "url": "code",
            "valueString": "releaselabel"
          },
          {
            "url": "value",
            "valueString": "STU1"
          }
        ],
        "url": "http://hl7.org/fhir/tools/StructureDefinition/ig-parameter"
      },
      {
        "extension": [
          {
            "url": "code",
            "valueString": "show-inherited-invariants"
          },
          {
            "url": "value",
            "valueString": "false"
          }
        ],
        "url": "http://hl7.org/fhir/tools/StructureDefinition/ig-parameter"
      },
      {
        "extension": [
          {
            "url": "code",
            "valueString": "apply-jurisdiction"
          },
          {
            "url": "value",
            "valueString": "true"
          }
        ],
        "url": "http://hl7.org/fhir/tools/StructureDefinition/ig-parameter"
      },
      {
        "extension": [
          {
            "url": "code",
            "valueString": "apply-publisher"
          },
          {
            "url": "value",
            "valueString": "true"
          }
        ],
        "url": "http://hl7.org/fhir/tools/StructureDefinition/ig-parameter"
      },
      {
        "extension": [
          {
            "url": "code",
            "valueString": "path-history"
          },
          {
            "url": "value",
            "valueString": "http://hl7.org/fhir/us/pacio-adi/history.html"
          }
        ],
        "url": "http://hl7.org/fhir/tools/StructureDefinition/ig-parameter"
      },
      {
        "extension": [
          {
            "url": "code",
            "valueString": "autoload-resources"
          },
          {
            "url": "value",
            "valueString": "true"
          }
        ],
        "url": "http://hl7.org/fhir/tools/StructureDefinition/ig-parameter"
      },
      {
        "extension": [
          {
            "url": "code",
            "valueString": "path-liquid"
          },
          {
            "url": "value",
            "valueString": "template/liquid"
          }
        ],
        "url": "http://hl7.org/fhir/tools/StructureDefinition/ig-parameter"
      },
      {
        "extension": [
          {
            "url": "code",
            "valueString": "path-liquid"
          },
          {
            "url": "value",
            "valueString": "input/liquid"
          }
        ],
        "url": "http://hl7.org/fhir/tools/StructureDefinition/ig-parameter"
      },
      {
        "extension": [
          {
            "url": "code",
            "valueString": "path-qa"
          },
          {
            "url": "value",
            "valueString": "temp/qa"
          }
        ],
        "url": "http://hl7.org/fhir/tools/StructureDefinition/ig-parameter"
      },
      {
        "extension": [
          {
            "url": "code",
            "valueString": "path-temp"
          },
          {
            "url": "value",
            "valueString": "temp/pages"
          }
        ],
        "url": "http://hl7.org/fhir/tools/StructureDefinition/ig-parameter"
      },
      {
        "extension": [
          {
            "url": "code",
            "valueString": "path-output"
          },
          {
            "url": "value",
            "valueString": "output"
          }
        ],
        "url": "http://hl7.org/fhir/tools/StructureDefinition/ig-parameter"
      },
      {
        "extension": [
          {
            "url": "code",
            "valueString": "path-suppressed-warnings"
          },
          {
            "url": "value",
            "valueString": "input/ignoreWarnings.txt"
          }
        ],
        "url": "http://hl7.org/fhir/tools/StructureDefinition/ig-parameter"
      },
      {
        "extension": [
          {
            "url": "code",
            "valueString": "template-html"
          },
          {
            "url": "value",
            "valueString": "template-page.html"
          }
        ],
        "url": "http://hl7.org/fhir/tools/StructureDefinition/ig-parameter"
      },
      {
        "extension": [
          {
            "url": "code",
            "valueString": "template-md"
          },
          {
            "url": "value",
            "valueString": "template-page-md.html"
          }
        ],
        "url": "http://hl7.org/fhir/tools/StructureDefinition/ig-parameter"
      },
      {
        "extension": [
          {
            "url": "code",
            "valueString": "apply-contact"
          },
          {
            "url": "value",
            "valueString": "true"
          }
        ],
        "url": "http://hl7.org/fhir/tools/StructureDefinition/ig-parameter"
      },
      {
        "extension": [
          {
            "url": "code",
            "valueString": "apply-context"
          },
          {
            "url": "value",
            "valueString": "true"
          }
        ],
        "url": "http://hl7.org/fhir/tools/StructureDefinition/ig-parameter"
      },
      {
        "extension": [
          {
            "url": "code",
            "valueString": "apply-copyright"
          },
          {
            "url": "value",
            "valueString": "true"
          }
        ],
        "url": "http://hl7.org/fhir/tools/StructureDefinition/ig-parameter"
      },
      {
        "extension": [
          {
            "url": "code",
            "valueString": "apply-license"
          },
          {
            "url": "value",
            "valueString": "true"
          }
        ],
        "url": "http://hl7.org/fhir/tools/StructureDefinition/ig-parameter"
      },
      {
        "extension": [
          {
            "url": "code",
            "valueString": "apply-version"
          },
          {
            "url": "value",
            "valueString": "true"
          }
        ],
        "url": "http://hl7.org/fhir/tools/StructureDefinition/ig-parameter"
      },
      {
        "extension": [
          {
            "url": "code",
            "valueString": "active-tables"
          },
          {
            "url": "value",
            "valueString": "true"
          }
        ],
        "url": "http://hl7.org/fhir/tools/StructureDefinition/ig-parameter"
      }
    ],
    "resource": [
      {
        "extension": [
          {
            "url": "http://hl7.org/fhir/tools/StructureDefinition/resource-information",
            "valueString": "StructureDefinition:resource"
          }
        ],
        "reference": {
          "reference": "StructureDefinition/PADI-AutopsyObservation"
        },
        "name": "ADI Autopsy Observation",
        "description": "This profile is used to represent the author's thoughts about autopsy.",
        "exampleBoolean": false
      },
      {
        "extension": [
          {
            "url": "http://hl7.org/fhir/tools/StructureDefinition/resource-information",
            "valueString": "StructureDefinition:resource"
          }
        ],
        "reference": {
          "reference": "StructureDefinition/PADI-CareExperiencePreference"
        },
        "name": "ADI Care Experience Preference",
        "description": "Care Experience Preference is a clinical statement that presents the author's personal thoughts about something he or she feels is relevant to his or her care experience and may be pertinent when planning his or her care.",
        "exampleBoolean": false
      },
      {
        "extension": [
          {
            "url": "http://hl7.org/fhir/tools/StructureDefinition/resource-information",
            "valueString": "StructureDefinition:resource"
          }
        ],
        "reference": {
          "reference": "StructureDefinition/PADI-ConsentForHealthcareAgent"
        },
        "name": "ADI Consent for Healthcare Agent",
        "description": "This profile is used for the healthcare agent to consent/express acceptance of being appointed as the agent for the patient.",
        "exampleBoolean": false
      },
      {
        "extension": [
          {
            "url": "http://hl7.org/fhir/tools/StructureDefinition/resource-information",
            "valueString": "StructureDefinition:resource"
          }
        ],
        "reference": {
          "reference": "StructureDefinition/PADI-DocumentReference"
        },
        "name": "PACIO ADI Document Reference",
        "description": "This profile defines constraints that represent the information needed to register an advance directive information document on a FHIR server.",
        "exampleBoolean": false
      },
      {
        "extension": [
          {
            "url": "http://hl7.org/fhir/tools/StructureDefinition/resource-information",
            "valueString": "StructureDefinition:resource"
          }
        ],
        "reference": {
          "reference": "StructureDefinition/PADI-Endpoint"
        },
        "name": "PACIO ADI Endpoint",
        "description": "TODO A an Advance Directive Endpoint",
        "exampleBoolean": false
      },
      {
        "extension": [
          {
            "url": "http://hl7.org/fhir/tools/StructureDefinition/resource-information",
            "valueString": "StructureDefinition:resource"
          }
        ],
        "reference": {
          "reference": "StructureDefinition/PADI-Guardian"
        },
        "name": "ADI Guardian",
        "description": "This profile will show a relationship to a ward.",
        "exampleBoolean": false
      },
      {
        "extension": [
          {
            "url": "http://hl7.org/fhir/tools/StructureDefinition/resource-information",
            "valueString": "StructureDefinition:resource:abstract"
          }
        ],
        "reference": {
          "reference": "StructureDefinition/PADI-Header"
        },
        "name": "PACIO ADI Header",
        "description": "This abstract profile defines constraints that represent common administrative and demographic concepts for advance directives information used in US Realm clinical documents.",
        "exampleBoolean": false
      },
      {
        "extension": [
          {
            "url": "http://hl7.org/fhir/tools/StructureDefinition/resource-information",
            "valueString": "StructureDefinition:resource"
          }
        ],
        "reference": {
          "reference": "StructureDefinition/PADI-HealthcareAgent"
        },
        "name": "ADI Healthcare Agent",
        "description": "This profile represents a person's appointment of a healthcare agent.",
        "exampleBoolean": false
      },
      {
        "extension": [
          {
            "url": "http://hl7.org/fhir/tools/StructureDefinition/resource-information",
            "valueString": "StructureDefinition:resource"
          }
        ],
        "reference": {
          "reference": "StructureDefinition/PADI-HealthcareAgentAuthority"
        },
        "name": "ADI Healthcare Agent Authority",
        "description": "This profile is used to represent a power or limitation granted to a person acting as a healthcare agent.",
        "exampleBoolean": false
      },
      {
        "extension": [
          {
            "url": "http://hl7.org/fhir/tools/StructureDefinition/resource-information",
            "valueString": "StructureDefinition:resource"
          }
        ],
        "reference": {
          "reference": "StructureDefinition/PADI-OrganDonationObservation"
        },
        "name": "ADI Organ Donation",
        "description": "This profile is used to represent the author's thoughts about organ donation.",
        "exampleBoolean": false
      },
      {
        "extension": [
          {
            "url": "http://hl7.org/fhir/tools/StructureDefinition/resource-information",
            "valueString": "StructureDefinition:resource"
          }
        ],
        "reference": {
          "reference": "StructureDefinition/PADI-PACPComposition"
        },
        "name": "ADI Personal Advance Care Plan Composition",
        "description": "This profile encompasses information that makes up the author’s advance care information plan.",
        "exampleBoolean": false
      },
      {
        "extension": [
          {
            "url": "http://hl7.org/fhir/tools/StructureDefinition/resource-information",
            "valueString": "StructureDefinition:resource"
          }
        ],
        "reference": {
          "reference": "StructureDefinition/PADI-PMOLSTObservation"
        },
        "name": "ADI PMOLST Observation",
        "description": "This profile is used to indicate if a person has a medical order or physician order for life sustaining treatment (MOLST or POLST).",
        "exampleBoolean": false
      },
      {
        "extension": [
          {
            "url": "http://hl7.org/fhir/tools/StructureDefinition/resource-information",
            "valueString": "StructureDefinition:resource"
          }
        ],
        "reference": {
          "reference": "StructureDefinition/PADI-PersonalHealthGoal"
        },
        "name": "ADI Personal Health Goal",
        "description": "[TODO] This profile is used to represent the author's personal health goals.",
        "exampleBoolean": false
      },
      {
        "extension": [
          {
            "url": "http://hl7.org/fhir/tools/StructureDefinition/resource-information",
            "valueString": "StructureDefinition:resource"
          }
        ],
        "reference": {
          "reference": "StructureDefinition/PADI-PersonalInterventionPreference"
        },
        "name": "ADI Personal Intervention Preference",
        "description": "This profile is used to represent a personal preference for a type of medical intervention (treatment).",
        "exampleBoolean": false
      },
      {
        "extension": [
          {
            "url": "http://hl7.org/fhir/tools/StructureDefinition/resource-information",
            "valueString": "StructureDefinition:resource"
          }
        ],
        "reference": {
          "reference": "StructureDefinition/PADI-PersonalPrioritiesOrganizer"
        },
        "name": "ADI Personal Priorities Organizer",
        "description": "Personal Priorities Organizer is used to represent a set of personal goals, preferences or care experiences in a preferred ranked order.",
        "exampleBoolean": false
      },
      {
        "extension": [
          {
            "url": "http://hl7.org/fhir/tools/StructureDefinition/resource-information",
            "valueString": "StructureDefinition:resource"
          }
        ],
        "reference": {
          "reference": "StructureDefinition/PADI-Provenance"
        },
        "name": "PACIO ADI Provenance",
        "description": "[TODO] Advance Directive Interoperability Provanance baed on US Core",
        "exampleBoolean": false
      },
      {
        "extension": [
          {
            "url": "http://hl7.org/fhir/tools/StructureDefinition/resource-information",
            "valueString": "StructureDefinition:extension"
          }
        ],
        "reference": {
          "reference": "StructureDefinition/padi-authorization-extension"
        },
        "name": "Authorization",
        "description": "The Advance Directive Information Authorization Extension contains the ADI Consent profile which represents information about a patient’s consents.",
        "exampleBoolean": false
      },
      {
        "extension": [
          {
            "url": "http://hl7.org/fhir/tools/StructureDefinition/resource-information",
            "valueString": "StructureDefinition:extension"
          }
        ],
        "reference": {
          "reference": "StructureDefinition/padi-dataEnterer-extension"
        },
        "name": "Data Enterer",
        "description": "Data Enterer Extension represents the person who transferred the content, written or dictated, into the Advance Directive document. To clarify, an author provides the content, subject to their own interpretation; a dataEnterer adds an author’s information to the electronic system.",
        "exampleBoolean": false
      },
      {
        "extension": [
          {
            "url": "http://hl7.org/fhir/tools/StructureDefinition/resource-information",
            "valueString": "StructureDefinition:extension"
          }
        ],
        "reference": {
          "reference": "StructureDefinition/padi-informant-extension"
        },
        "name": "Informant",
        "description": "The Advance Directive Information Informant Extension describes an information source for any content within the Advance Directive document. This informant is constrained for use when the source of information is an assigned health care provider for the patient.",
        "exampleBoolean": false
      },
      {
        "extension": [
          {
            "url": "http://hl7.org/fhir/tools/StructureDefinition/resource-information",
            "valueString": "StructureDefinition:extension"
          }
        ],
        "reference": {
          "reference": "StructureDefinition/padi-informatioRecipient-extension"
        },
        "name": "Information Recipient",
        "description": "The Information Recipient Extension records the intended recipient of the advance directive information at the time the document was created.",
        "exampleBoolean": false
      },
      {
        "extension": [
          {
            "url": "http://hl7.org/fhir/tools/StructureDefinition/resource-information",
            "valueString": "StructureDefinition:extension"
          }
        ],
        "reference": {
          "reference": "StructureDefinition/padi-order-extension"
        },
        "name": "Order",
        "description": "The Advance Directive Information Order Extension represents orders that are fulfilled by this document such as a radiologists report of an x-ray.",
        "exampleBoolean": false
      },
      {
        "extension": [
          {
            "url": "http://hl7.org/fhir/tools/StructureDefinition/resource-information",
            "valueString": "StructureDefinition:extension"
          }
        ],
        "reference": {
          "reference": "StructureDefinition/padi-participant-extension"
        },
        "name": "Participant",
        "description": "The Advance Directive Information Participant Extension identifies supporting entities, including parents, relatives, caregivers, insurance policyholders, guarantors, and others related in some way to the patient. A supporting person or organization is an individual or an organization with a relationship to the patient. A supporting person who is playing multiple roles would be recorded in multiple participants (e.g., emergency contact and next-of-kin).",
        "exampleBoolean": false
      },
      {
        "extension": [
          {
            "url": "http://hl7.org/fhir/tools/StructureDefinition/resource-information",
            "valueString": "StructureDefinition:extension"
          }
        ],
        "reference": {
          "reference": "StructureDefinition/padi-performer-extension"
        },
        "name": "Informant",
        "description": "The Advance Directive Information Performer Extension represents clinicians who actually and principally carry out the clinical services being documented. In a transfer of care this represents the healthcare providers involved in the current or pertinent historical care of the patient. Preferably, the patients key healthcare care team members would be listed, particularly their primary physician and any active consulting physicians, therapists, and counselors.",
        "exampleBoolean": false
      },
      {
        "extension": [
          {
            "url": "http://hl7.org/fhir/tools/StructureDefinition/resource-information",
            "valueString": "StructureDefinition:extension"
          }
        ],
        "reference": {
          "reference": "StructureDefinition/padi-versionNumber-extension"
        },
        "name": "Version Number",
        "description": "Advance Directive Information VersionNumber Extension represents a numeric value used to version successive replacement documents.",
        "exampleBoolean": false
      },
      {
        "extension": [
          {
            "url": "http://hl7.org/fhir/tools/StructureDefinition/resource-information",
            "valueString": "ValueSet"
          }
        ],
        "reference": {
          "reference": "ValueSet/PADICareExperiencePreferencesVS"
        },
        "name": "Care Experience Preferences",
        "description": "This value set includes concepts representing an individual's care experience preferences at end of life which can be expressed by the individual in his or her advance care plan),(Data Element Scope: The intent of this value set is to identify personal care experience preferences that may be relevant and could be considered by clinicians when making a treatment/care plan for the person.\r\n\r\nThis ValueSet is managed at the US National Library of Medicine (NLM) Value Set Authority Center (VSAC): https://vsac.nlm.nih.gov/valueset/2.16.840.1.113762.1.4.1115.11/expansion",
        "exampleBoolean": false
      },
      {
        "extension": [
          {
            "url": "http://hl7.org/fhir/tools/StructureDefinition/resource-information",
            "valueString": "ValueSet"
          }
        ],
        "reference": {
          "reference": "ValueSet/PADIHealthGoalsVS"
        },
        "name": "Health Goals",
        "description": "Clinical Focus: This value set includes concepts representing an individual's goals at end of life which can be expressed by the individual in his or her advance care plan.),(Data Element Scope: The intent of this value set is to identify personal goals that may be relevant and could be considered by clinicians when making a treatment/care plan for the person.),(Inclusion Criteria: Include member value sets for Health Goals at end of life for LOINC and SNOMED CT.),(Exclusion Criteria: None.\r\n\r\nThis ValueSet is managed at the US National Library of Medicine (NLM) Value Set Authority Center (VSAC): https://vsac.nlm.nih.gov/valueset/2.16.840.1.113762.1.4.1115.7/expansion",
        "exampleBoolean": false
      },
      {
        "extension": [
          {
            "url": "http://hl7.org/fhir/tools/StructureDefinition/resource-information",
            "valueString": "ValueSet"
          }
        ],
        "reference": {
          "reference": "ValueSet/PADIHealthcareAgentOrProxyChoicesVS"
        },
        "name": "Healthcare Agent or Proxy Choices",
        "description": "This value set identifies the healthcare agent or proxy roles that individuals commonly designate to empower surrogates to make medical treatment and care decisions when the individual is unable to effectively communicate with medical personnel or requires assistance with decision making.\r\n\r\nThis ValueSet is managed at the US National Library of Medicine (NLM) Value Set Authority Center (VSAC): https://vsac.nlm.nih.gov/valueset/2.16.840.1.113762.1.4.1046.35/expansion",
        "exampleBoolean": false
      },
      {
        "extension": [
          {
            "url": "http://hl7.org/fhir/tools/StructureDefinition/resource-information",
            "valueString": "ValueSet"
          }
        ],
        "reference": {
          "reference": "ValueSet/PADIHealthcareAgentRelationshipVS"
        },
        "name": "Healthcare Agent Relationships",
        "description": "[TODO] This value set identifies the healthcare agent or proxy roles that individuals commonly designate to empower surrogates to make medical treatment and care decisions when the individual is unable to effectively communicate with medical personnel or requires assistance with decision making.\r\n\r\nThis ValueSet is managed at the US National Library of Medicine (NLM) Value Set Authority Center (VSAC): https://vsac.nlm.nih.gov/valueset/2.16.840.1.113762.1.4.1046.35/expansion",
        "exampleBoolean": false
      },
      {
        "extension": [
          {
            "url": "http://hl7.org/fhir/tools/StructureDefinition/resource-information",
            "valueString": "ValueSet"
          }
        ],
        "reference": {
          "reference": "ValueSet/PADIInterventionPreferencesVS"
        },
        "name": "Intervention Preferences",
        "description": "Clinical Focus: This value set includes concepts representing an individual's intervention preferences at end of life which can be expressed by the individual in his or her advance care plan.),(Data Element Scope: The intent of this value set is to identify personal intervention preferences that may be relevant and could be considered by clinicians when making a treatment/care plan for the person.),(Inclusion Criteria: Include member value sets for Intervention Preferences at End of Life for LOINC and SNOMED CT.),(Exclusion Criteria: None.)\r\n\r\nThis ValueSet is managed at the US National Library of Medicine (NLM) Value Set Authority Center (VSAC): https://vsac.nlm.nih.gov/valueset/2.16.840.1.113762.1.4.1115.9/expansion",
        "exampleBoolean": false
      },
      {
        "extension": [
          {
            "url": "http://hl7.org/fhir/tools/StructureDefinition/resource-information",
            "valueString": "ValueSet"
          }
        ],
        "reference": {
          "reference": "ValueSet/PADIPersonalAndLegalRelationshipRoleTypeVS"
        },
        "name": "Personal And Legal Relationship Role Type",
        "description": "Clinical Focus: A personal or legal relationship records the role of a person in relation to another person, or a person to himself or herself. This value set is to be used when recording relationships based on personal or family ties or through legal assignment of responsibility.",
        "exampleBoolean": false
      },
      {
        "extension": [
          {
            "url": "http://hl7.org/fhir/tools/StructureDefinition/resource-information",
            "valueString": "Observation"
          }
        ],
        "reference": {
          "reference": "Observation/AutopsyDonationObservation1"
        },
        "name": "AutopsyDonationObservation1",
        "description": "Autopsy Observation 1",
        "exampleCanonical": "http://hl7.org/fhir/us/pacio-adi/StructureDefinition/PADI-AutopsyObservation"
      },
      {
        "extension": [
          {
            "url": "http://hl7.org/fhir/tools/StructureDefinition/resource-information",
            "valueString": "Bundle"
          }
        ],
        "reference": {
          "reference": "Bundle/Bundle1"
        },
        "name": "Bundle1",
        "description": "ADI Document Bundle 1",
        "exampleBoolean": true
      },
      {
        "extension": [
          {
            "url": "http://hl7.org/fhir/tools/StructureDefinition/resource-information",
            "valueString": "Observation"
          }
        ],
        "reference": {
          "reference": "Observation/CareExperiencePreference1"
        },
        "name": "CareExperiencePreference1",
        "description": "Care Experience Preference (My Joys)",
        "exampleCanonical": "http://hl7.org/fhir/us/pacio-adi/StructureDefinition/PADI-CareExperiencePreference"
      },
      {
        "extension": [
          {
            "url": "http://hl7.org/fhir/tools/StructureDefinition/resource-information",
            "valueString": "Observation"
          }
        ],
        "reference": {
          "reference": "Observation/CareExperiencePreference2"
        },
        "name": "CareExperiencePreference2",
        "description": "Care Experience Preference (How to care for me)",
        "exampleCanonical": "http://hl7.org/fhir/us/pacio-adi/StructureDefinition/PADI-CareExperiencePreference"
      },
      {
        "extension": [
          {
            "url": "http://hl7.org/fhir/tools/StructureDefinition/resource-information",
            "valueString": "Observation"
          }
        ],
        "reference": {
          "reference": "Observation/CareExperiencePreference3"
        },
        "name": "CareExperiencePreference3",
        "description": "Care Experience Preference (Religious affiliation contact)",
        "exampleCanonical": "http://hl7.org/fhir/us/pacio-adi/StructureDefinition/PADI-CareExperiencePreference"
      },
      {
        "extension": [
          {
            "url": "http://hl7.org/fhir/tools/StructureDefinition/resource-information",
            "valueString": "Observation"
          }
        ],
        "reference": {
          "reference": "Observation/CareExperiencePreference4"
        },
        "name": "CareExperiencePreference4",
        "description": "Care Experience Preference (My unfinished business)",
        "exampleCanonical": "http://hl7.org/fhir/us/pacio-adi/StructureDefinition/PADI-CareExperiencePreference"
      },
      {
        "extension": [
          {
            "url": "http://hl7.org/fhir/tools/StructureDefinition/resource-information",
            "valueString": "Observation"
          }
        ],
        "reference": {
          "reference": "Observation/CareExperiencePreference5"
        },
        "name": "CareExperiencePreference5",
        "description": "Care Experience Preference (Death arrangements)",
        "exampleCanonical": "http://hl7.org/fhir/us/pacio-adi/StructureDefinition/PADI-CareExperiencePreference"
      },
      {
        "extension": [
          {
            "url": "http://hl7.org/fhir/tools/StructureDefinition/resource-information",
            "valueString": "RelatedPerson"
          }
        ],
        "reference": {
          "reference": "RelatedPerson/HealthcareAgentExample1"
        },
        "name": "HealthcareAgentExample1",
        "description": "Healthcare Agent 1",
        "exampleCanonical": "http://hl7.org/fhir/us/pacio-adi/StructureDefinition/PADI-HealthcareAgent"
      },
      {
        "extension": [
          {
            "url": "http://hl7.org/fhir/tools/StructureDefinition/resource-information",
            "valueString": "RelatedPerson"
          }
        ],
        "reference": {
          "reference": "RelatedPerson/HealthcareAgentExample2"
        },
        "name": "HealthcareAgentExample2",
        "description": "Healthcare Agent 2",
        "exampleCanonical": "http://hl7.org/fhir/us/pacio-adi/StructureDefinition/PADI-HealthcareAgent"
      },
      {
        "extension": [
          {
            "url": "http://hl7.org/fhir/tools/StructureDefinition/resource-information",
            "valueString": "Observation"
          }
        ],
        "reference": {
          "reference": "Observation/OrganDonationObservation1"
        },
        "name": "OrganDonationObservation1",
        "description": "Organ Donation Observation 1",
        "exampleCanonical": "http://hl7.org/fhir/us/pacio-adi/StructureDefinition/PADI-OrganDonationObservation"
      },
      {
        "extension": [
          {
            "url": "http://hl7.org/fhir/tools/StructureDefinition/resource-information",
            "valueString": "Organization"
          }
        ],
        "reference": {
          "reference": "Organization/OrganizationAssembler1"
        },
        "name": "OrganizationAssembler1",
        "description": "Assembler Organization 1",
        "exampleBoolean": true
      },
      {
        "extension": [
          {
            "url": "http://hl7.org/fhir/tools/StructureDefinition/resource-information",
            "valueString": "Organization"
          }
        ],
        "reference": {
          "reference": "Organization/OrganizationCustodian1"
        },
        "name": "OrganizationCustodian1",
        "description": "Custodian Organization 1",
        "exampleBoolean": true
      },
      {
        "extension": [
          {
            "url": "http://hl7.org/fhir/tools/StructureDefinition/resource-information",
            "valueString": "Composition"
          }
        ],
        "reference": {
          "reference": "Composition/PACPExample1"
        },
        "name": "PACPExample1",
        "description": "Personal AdvanceCare Plan Example 1",
        "exampleCanonical": "http://hl7.org/fhir/us/pacio-adi/StructureDefinition/PADI-PACPComposition"
      },
      {
        "extension": [
          {
            "url": "http://hl7.org/fhir/tools/StructureDefinition/resource-information",
            "valueString": "Provenance"
          }
        ],
        "reference": {
          "reference": "Provenance/PACPProvenance1"
        },
        "name": "PACPProvenance1",
        "description": "Provenance Example 1",
        "exampleCanonical": "http://hl7.org/fhir/us/pacio-adi/StructureDefinition/PADI-Provenance"
      },
      {
        "extension": [
          {
            "url": "http://hl7.org/fhir/tools/StructureDefinition/resource-information",
            "valueString": "Patient"
          }
        ],
        "reference": {
          "reference": "Patient/Patient1"
        },
        "name": "Patient1",
        "description": "Patient Example 1",
        "exampleBoolean": true
      },
      {
        "extension": [
          {
            "url": "http://hl7.org/fhir/tools/StructureDefinition/resource-information",
            "valueString": "Goal"
          }
        ],
        "reference": {
          "reference": "Goal/PersonalHealthGoal1"
        },
        "name": "PersonalHealthGoal1",
        "description": "Personal Health Goal 1",
        "exampleCanonical": "http://hl7.org/fhir/us/pacio-adi/StructureDefinition/PADI-PersonalHealthGoal"
      },
      {
        "extension": [
          {
            "url": "http://hl7.org/fhir/tools/StructureDefinition/resource-information",
            "valueString": "Goal"
          }
        ],
        "reference": {
          "reference": "Goal/PersonalHealthGoal2"
        },
        "name": "PersonalHealthGoal2",
        "description": "Personal Health Goal 2",
        "exampleCanonical": "http://hl7.org/fhir/us/pacio-adi/StructureDefinition/PADI-PersonalHealthGoal"
      },
      {
        "extension": [
          {
            "url": "http://hl7.org/fhir/tools/StructureDefinition/resource-information",
            "valueString": "Goal"
          }
        ],
        "reference": {
          "reference": "Goal/PersonalHealthGoal3"
        },
        "name": "PersonalHealthGoal3",
        "description": "Personal Health Goal 3",
        "exampleCanonical": "http://hl7.org/fhir/us/pacio-adi/StructureDefinition/PADI-PersonalHealthGoal"
      },
      {
        "extension": [
          {
            "url": "http://hl7.org/fhir/tools/StructureDefinition/resource-information",
            "valueString": "Goal"
          }
        ],
        "reference": {
          "reference": "Goal/PersonalHealthGoal4"
        },
        "name": "PersonalHealthGoal4",
        "description": "Personal Health Goal 4",
        "exampleCanonical": "http://hl7.org/fhir/us/pacio-adi/StructureDefinition/PADI-PersonalHealthGoal"
      },
      {
        "extension": [
          {
            "url": "http://hl7.org/fhir/tools/StructureDefinition/resource-information",
            "valueString": "Goal"
          }
        ],
        "reference": {
          "reference": "Goal/PersonalHealthGoal5"
        },
        "name": "PersonalHealthGoal5",
        "description": "Personal Health Goal 5",
        "exampleCanonical": "http://hl7.org/fhir/us/pacio-adi/StructureDefinition/PADI-PersonalHealthGoal"
      },
      {
        "extension": [
          {
            "url": "http://hl7.org/fhir/tools/StructureDefinition/resource-information",
            "valueString": "Goal"
          }
        ],
        "reference": {
          "reference": "Goal/PersonalHealthGoal6"
        },
        "name": "PersonalHealthGoal6",
        "description": "Personal Health Goal 6",
        "exampleCanonical": "http://hl7.org/fhir/us/pacio-adi/StructureDefinition/PADI-PersonalHealthGoal"
      },
      {
        "extension": [
          {
            "url": "http://hl7.org/fhir/tools/StructureDefinition/resource-information",
            "valueString": "Goal"
          }
        ],
        "reference": {
          "reference": "Goal/PersonalHealthGoal7"
        },
        "name": "PersonalHealthGoal7",
        "description": "Personal Health Goal 7",
        "exampleCanonical": "http://hl7.org/fhir/us/pacio-adi/StructureDefinition/PADI-PersonalHealthGoal"
      },
      {
        "extension": [
          {
            "url": "http://hl7.org/fhir/tools/StructureDefinition/resource-information",
            "valueString": "Observation"
          }
        ],
        "reference": {
          "reference": "Observation/PersonalInterventionPreference1"
        },
        "name": "PersonalInterventionPreference1",
        "description": "Personal Intervention Preference 1",
        "exampleCanonical": "http://hl7.org/fhir/us/pacio-adi/StructureDefinition/PADI-PersonalInterventionPreference"
      },
      {
        "extension": [
          {
            "url": "http://hl7.org/fhir/tools/StructureDefinition/resource-information",
            "valueString": "Observation"
          }
        ],
        "reference": {
          "reference": "Observation/PersonalInterventionPreference2"
        },
        "name": "PersonalInterventionPreference2",
        "description": "Personal Intervention Preference 2",
        "exampleCanonical": "http://hl7.org/fhir/us/pacio-adi/StructureDefinition/PADI-PersonalInterventionPreference"
      },
      {
        "extension": [
          {
            "url": "http://hl7.org/fhir/tools/StructureDefinition/resource-information",
            "valueString": "Observation"
          }
        ],
        "reference": {
          "reference": "Observation/PersonalInterventionPreference3"
        },
        "name": "PersonalInterventionPreference3",
        "description": "Personal Intervention Preference 3",
        "exampleCanonical": "http://hl7.org/fhir/us/pacio-adi/StructureDefinition/PADI-PersonalInterventionPreference"
      },
      {
        "extension": [
          {
            "url": "http://hl7.org/fhir/tools/StructureDefinition/resource-information",
            "valueString": "Observation"
          }
        ],
        "reference": {
          "reference": "Observation/PersonalInterventionPreference4"
        },
        "name": "PersonalInterventionPreference4",
        "description": "Personal Intervention Preference 4",
        "exampleCanonical": "http://hl7.org/fhir/us/pacio-adi/StructureDefinition/PADI-PersonalInterventionPreference"
      },
      {
        "extension": [
          {
            "url": "http://hl7.org/fhir/tools/StructureDefinition/resource-information",
            "valueString": "Observation"
          }
        ],
        "reference": {
          "reference": "Observation/PersonalInterventionPreference5"
        },
        "name": "PersonalInterventionPreference5",
        "description": "Personal Intervention Preference 5",
        "exampleCanonical": "http://hl7.org/fhir/us/pacio-adi/StructureDefinition/PADI-PersonalInterventionPreference"
      },
      {
        "extension": [
          {
            "url": "http://hl7.org/fhir/tools/StructureDefinition/resource-information",
            "valueString": "Observation"
          }
        ],
        "reference": {
          "reference": "Observation/PersonalInterventionPreference6"
        },
        "name": "PersonalInterventionPreference6",
        "description": "Personal Intervention Preference 6",
        "exampleCanonical": "http://hl7.org/fhir/us/pacio-adi/StructureDefinition/PADI-PersonalInterventionPreference"
      },
      {
        "extension": [
          {
            "url": "http://hl7.org/fhir/tools/StructureDefinition/resource-information",
            "valueString": "Observation"
          }
        ],
        "reference": {
          "reference": "Observation/PersonalInterventionPreference7"
        },
        "name": "PersonalInterventionPreference7",
        "description": "Personal Intervention Preference 7",
        "exampleCanonical": "http://hl7.org/fhir/us/pacio-adi/StructureDefinition/PADI-PersonalInterventionPreference"
      },
      {
        "extension": [
          {
            "url": "http://hl7.org/fhir/tools/StructureDefinition/resource-information",
            "valueString": "List"
          }
        ],
        "reference": {
          "reference": "List/PersonalPrioritiesOrganizer1"
        },
        "name": "PersonalPrioritiesOrganizer1",
        "description": "Personal Priorities Organizer",
        "exampleCanonical": "http://hl7.org/fhir/us/pacio-adi/StructureDefinition/PADI-PersonalPrioritiesOrganizer"
      }
    ],
    "page": {
      "nameUrl": "toc.html",
      "title": "Table of Contents",
      "generation": "html",
      "page": [
        {
          "nameUrl": "index.html",
          "title": "Home",
          "generation": "markdown"
        },
        {
          "nameUrl": "advance_directive_use_case.html",
          "title": "Advance Directive Use Case",
          "generation": "markdown"
        },
        {
          "nameUrl": "business_case.html",
          "title": "Business Case",
          "generation": "markdown"
        },
        {
          "nameUrl": "downloads.html",
          "title": "Downloads",
          "generation": "markdown"
        },
        {
          "nameUrl": "introduction.html",
          "title": "Introduction",
          "generation": "markdown"
        },
        {
          "nameUrl": "patient_stories_and_personas.html",
          "title": "Patient Stories and Personas",
          "generation": "markdown"
        },
        {
          "nameUrl": "profile_highlights_and_guidance.html",
          "title": "Profile Highlights and Guidance",
          "generation": "markdown"
        },
        {
          "nameUrl": "profiles.html",
          "title": "Profiles",
          "generation": "markdown"
        },
        {
          "nameUrl": "security.html",
          "title": "Security",
          "generation": "markdown"
        },
        {
          "nameUrl": "underlying_technologies.html",
          "title": "Underlying Technologies",
          "generation": "markdown"
        },
        {
          "nameUrl": "use_cases.html",
          "title": "Use Cases",
          "generation": "markdown"
        }
      ]
    },
    "parameter": [
      {
        "code": "path-resource",
        "value": "input/capabilities"
      },
      {
        "code": "path-resource",
        "value": "input/examples"
      },
      {
        "code": "path-resource",
        "value": "input/extensions"
      },
      {
        "code": "path-resource",
        "value": "input/models"
      },
      {
        "code": "path-resource",
        "value": "input/operations"
      },
      {
        "code": "path-resource",
        "value": "input/profiles"
      },
      {
        "code": "path-resource",
        "value": "input/resources"
      },
      {
        "code": "path-resource",
        "value": "input/vocabulary"
      },
      {
        "code": "path-resource",
        "value": "input/maps"
      },
      {
        "code": "path-resource",
        "value": "input/testing"
      },
      {
        "code": "path-resource",
        "value": "input/history"
      },
      {
        "code": "path-resource",
        "value": "fsh-generated/resources"
      },
      {
        "code": "path-pages",
        "value": "template/config"
      },
      {
        "code": "path-pages",
        "value": "input/images"
      },
      {
        "code": "path-tx-cache",
        "value": "input-cache/txcache"
      }
    ]
  }
}