{
  "resourceType": "List",
  "id": "Example-Smith-Johnson-PersonalPrioritiesOrganizer1",
  "meta": {
    "profile": [
      "http://hl7.org/fhir/us/pacio-adi/StructureDefinition/PADI-PersonalPrioritiesOrganizer"
    ]
  },
  "text": {
    "status": "additional",
    "div": "<div xmlns=\"http://www.w3.org/1999/xhtml\"><p>If I am so sick or seriously injured that I cannot express my own medical treatment preferences, and if I am not expected to live without additional treatment for my illness, disease, condition or injury, then I want my medical care team to know that these are the things that are most important to me:</p><ol><li><i>Avoiding prolonged dependence on machines</i></li><li><i>Not being a physical burden to my family</i></li><li><i>Dying at home</i></li></ol></div>"
  },
  "status": "current",
  "mode": "working",
  "title": "Priorities for Goals and Preferences",
  "code": {
    "coding": [
      {
        "system": "http://loinc.org",
        "code": "81340-2",
        "display": "Goals AndOr preferences in order of priority [Reported]"
      }
    ]
  },
  "orderedBy": {
    "coding": [
      {
        "system": "http://terminology.hl7.org/CodeSystem/list-order",
        "code": "priority"
      }
    ]
  },
  "entry": [
    {
      "item": {
        "reference": "Goal/Example-Smith-Johnson-PersonalHealthGoal1"
      }
    },
    {
      "item": {
        "reference": "Goal/Example-Smith-Johnson-PersonalHealthGoal2"
      }
    },
    {
      "item": {
        "reference": "Goal/Example-Smith-Johnson-PersonalHealthGoal3"
      }
    }
  ]
}