<?xml version="1.0" encoding="UTF-8"?>

<Observation xmlns="http://hl7.org/fhir">
  <id value="OrganDonationObservation1"/>
  <meta>
    <profile value="http://hl7.org/fhir/us/pacio-adi/StructureDefinition/PADI-OrganDonationObservation"/>
  </meta>
  <text>
    <status value="additional"/><div xmlns="http://www.w3.org/1999/xhtml"><h2>Consent to Donate</h2><p><i>I don’t want to donate my organs.</i></p></div>
  </text>
  <status value="final"/>
  <code>
    <coding>
      <system value="http://loinc.org"/>
      <code value="75781-5"/>
      <display value="Thoughts on organ and tissue donations [Reported]"/>
    </coding>
  </code>
  <valueString value="Consent to Donate: I don&#x2019;t want to donate my organs."/>
</Observation>