{
  "resourceType": "Observation",
  "id": "Example-McBee-PersonalInterventionPreference3",
  "meta": {
    "profile": [
      "http://hl7.org/fhir/us/pacio-adi/StructureDefinition/PADI-PersonalInterventionPreference"
    ]
  },
  "text": {
    "status": "additional",
    "div": "<div xmlns=\"http://www.w3.org/1999/xhtml\"><p>If my response above indicates that I do not want life-sustaining treatments,</p><p>I expressly authorize my attending physician to withhold or withdraw artificial nutrition and hydration and instruct my healthcare agent (or, if I have not designated a healthcare agent, my default surrogate), my family and the doctors and nurses who are taking care of me to respect this request.</p></div>"
  },
  "status": "final",
  "code": {
    "coding": [
      {
        "system": "http://loinc.org",
        "code": "77352-3",
        "display": "Thoughts on artificial nutrition and hydration [Reported]"
      }
    ]
  },
  "valueString": "If my response above indicates that I do not want life-sustaining treatments, I expressly authorize my attending physician to withhold or withdraw artificial nutrition and hydration and instruct my healthcare agent (or, if I have not designated a healthcare agent, my default surrogate), my family and the doctors and nurses who are taking care of me to respect this request."
}