<?xml version="1.0" encoding="UTF-8"?>

<Observation xmlns="http://hl7.org/fhir">
  <id value="Example-Smith-Johnson-CareExperiencePreference6"/>
  <meta>
    <profile value="http://hl7.org/fhir/us/pacio-adi/StructureDefinition/PADI-CareExperiencePreference"/>
  </meta>
  <text>
    <status value="additional"/><div xmlns="http://www.w3.org/1999/xhtml"><p><b>My religion:</b></p><p>If I appear to be approaching the end of my life, here are some things that I would like for my caregivers to know about my faith and my religion.</p><p><i>Please call Father Mark if my condition warrants the services of a priest.</i></p></div>
  </text>
  <status value="final"/>
  <code>
    <coding>
      <system value="http://loinc.org"/>
      <code value="81364-2"/>
      <display value="Religious Beliefs"/>
    </coding>
  </code>
  <valueString value="If I appear to be approaching the end of my life, here are some things that I would like for my caregivers to know about my faith and my religion. Please call Father Mark if my condition warrants the services of a priest."/>
</Observation>