<?xml version="1.0" encoding="UTF-8"?>

<Observation xmlns="http://hl7.org/fhir">
  <id value="Example-McBee-PersonalInterventionPreference4"/>
  <meta>
    <profile value="http://hl7.org/fhir/us/pacio-adi/StructureDefinition/PADI-PersonalInterventionPreference"/>
  </meta>
  <text>
    <status value="additional"/><div xmlns="http://www.w3.org/1999/xhtml"><p>If I have a severe, irreversible brain injury or illness and can’t dress, feed, or bathe myself, or communicate my medical wishes, but doctors can keep me alive in this condition for a long period of time, <i>I would like for them to keep trying life-sustaining treatments for 2 months.</i></p></div>
  </text>
  <status value="final"/>
  <code>
    <coding>
      <system value="http://loinc.org"/>
      <code value="75778-1"/>
      <display value="Information to tell doctors if I have a severe, irreversible brain injury or illness and can&#39;t dress, feed, or bathe myself, or communicate my medical wishes, but can be kept alive [Reported]"/>
    </coding>
  </code>
  <valueString value="If I have a severe, irreversible brain injury or illness and can&#x2019;t dress, feed, or bathe myself, or communicate my medical wishes, but doctors can keep me alive in this condition for a long period of time, I would like for them to keep trying life-sustaining treatments for 2 months."/>
</Observation>