<?xml version="1.0" encoding="UTF-8"?>

<Observation xmlns="http://hl7.org/fhir">
  <id value="Example-McBee-PersonalInterventionPreference2"/>
  <meta>
    <profile value="http://hl7.org/fhir/us/pacio-adi/StructureDefinition/PADI-PersonalInterventionPreference"/>
  </meta>
  <text>
    <status value="additional"/><div xmlns="http://www.w3.org/1999/xhtml"><p>If my health ever deteriorates due to a terminal illness, and my doctors believe I will not be able to interact meaningfully with my family, friends, or surroundings, <i>I prefer that they stop all life-sustaining treatments and let me die as gently as possible. I realize that I will not receive life-sustaining treatments including but not limited to breathing machines, blood transfusions, dialysis, heart machines, and IV drugs to keep my heart working. I also realize that medical personnel will not attempt cardiopulmonary resuscitation (CPR), and they will allow me to die naturally.</i></p></div>
  </text>
  <status value="final"/>
  <code>
    <coding>
      <system value="http://loinc.org"/>
      <code value="75777-3"/>
      <display value="Information to tell doctors if my health deteriorates due to a terminal illness and I am unable to interact meaningfully with family, friends, or surroundings [Reported]"/>
    </coding>
  </code>
  <valueString value="If my health ever deteriorates due to a terminal illness, and my doctors believe I will not be able to interact meaningfully with my family, friends, or surroundings, I prefer that they stop all life-sustaining treatments and let me die as gently as possible.  I realize that I will not receive life-sustaining treatments including but not limited to breathing machines, blood transfusions, dialysis, heart machines, and IV drugs to keep my heart working.  I also realize that medical personnel will not attempt cardiopulmonary resuscitation (CPR), and they will allow me to die naturally."/>
</Observation>