<?xml version="1.0" encoding="UTF-8"?>

<Organization xmlns="http://hl7.org/fhir">
  <id value="Example-Smith-Johnson-OrganizationCustodian1"/>
  <meta>
    <profile value="http://hl7.org/fhir/us/core/StructureDefinition/us-core-organization"/>
  </meta>
  <text>
    <status value="generated"/><div xmlns="http://www.w3.org/1999/xhtml"><p><b>Generated Narrative</b></p><p><b>identifier</b>: id: 44444</p><p><b>active</b>: true</p><p><b>name</b>: MyDirectives.com</p><p><b>telecom</b>: <a href="tel:+1(202)776-7700">+1(202)776-7700</a></p><p><b>address</b>: 740 E. Campbell Rd. Suite 825 Richardson TX 75081 US </p></div>
  </text>
  <identifier>
    <system value="http://hl7.org/fhir/sid/us-npi"/>
    <value value="44444"/>
  </identifier>
  <active value="true"/>
  <name value="MyDirectives.com"/>
  <telecom>
    <system value="phone"/>
    <value value="+1(202)776-7700"/>
    <use value="work"/>
  </telecom>
  <address>
    <type value="physical"/>
    <line value="740 E. Campbell Rd. Suite 825"/>
    <city value="Richardson"/>
    <state value="TX"/>
    <postalCode value="75081"/>
    <country value="US"/>
  </address>
</Organization>