{
  "resourceType" : "ValueSet",
  "id" : "c18b480a-0fca-4da9-bfd4-4cd345066841-6",
  "url" : "http://hl7.org/fhir/comparison/ValueSet/c18b480a-0fca-4da9-bfd4-4cd345066841-6",
  "name" : "IntersectionUsCoreVitalSignsAndPADIInterventionPreferencesVS",
  "title" : "Intersection of US Core Vital Signs ValueSet And Intervention Preferences",
  "status" : "active",
  "date" : "2021-05-17T15:17:23-07:00",
  "jurisdiction" : [{
    "coding" : [{
      "system" : "urn:iso:std:iso:3166",
      "code" : "US"
    }]
  }]
}