{
  "resourceType" : "ValueSet",
  "id" : "ea7b1123-2bd4-4a47-8cfc-645ee306e63e-57",
  "url" : "http://hl7.org/fhir/comparison/ValueSet/ea7b1123-2bd4-4a47-8cfc-645ee306e63e-57",
  "name" : "IntersectionUSCoreSmokingStatusObservationCodesAndPADIInterventionPreferencesVS",
  "title" : "Intersection of US Core Smoking Status Observation Codes And Intervention Preferences",
  "status" : "active",
  "date" : "2021-05-13T12:41:10-07:00",
  "jurisdiction" : [{
    "coding" : [{
      "system" : "urn:iso:std:iso:3166",
      "code" : "US"
    }]
  }]
}