{
  "resourceType" : "ValueSet",
  "id" : "00a334b4-768f-48f9-963e-1a931a40de31-159",
  "url" : "http://hl7.org/fhir/comparison/ValueSet/00a334b4-768f-48f9-963e-1a931a40de31-159",
  "name" : "IntersectionUSCoreSmokingStatusObservationCodesAndPADIAutopsyVS",
  "title" : "Intersection of US Core Smoking Status Observation Codes And Autopsy Thoughts",
  "status" : "active",
  "date" : "2021-06-04T15:56:58-07:00",
  "jurisdiction" : [{
    "coding" : [{
      "system" : "urn:iso:std:iso:3166",
      "code" : "US"
    }]
  }]
}