{"resourceType":"ImplementationGuide","id":"hl7.fhir.us.pacio-adi","text":{"status":"extensions","div":"<div xmlns=\"http://www.w3.org/1999/xhtml\"><h2>PACIOAdvanceDirectiveInteroperability</h2><p>The official URL for this implementation guide is: </p><pre>http://hl7.org/fhir/us/pacio-adi/ImplementationGuide/hl7.fhir.us.pacio-adi</pre><div><p>PACIO Advance Directive Interoperability Implementation Guide</p>\n</div></div>"},"url":"http://hl7.org/fhir/us/pacio-adi/ImplementationGuide/hl7.fhir.us.pacio-adi","version":"0.0.1","name":"PACIOAdvanceDirectiveInteroperability","title":"PACIO Advance Directive Interoperability Implementation Guide","status":"draft","date":"2021-04-06T16:06:31-07:00","publisher":"HL7 Patient Empowerment Working Group","contact":[{"name":"HL7 Patient Empowerment Working Group","telecom":[{"system":"url","value":"http://www.hl7.org/Special/committees/patientempowerment/index.cfm"},{"system":"email","value":"patients@lists.HL7.org"}]}],"description":"PACIO Advance Directive Interoperability Implementation Guide","jurisdiction":[{"coding":[{"system":"urn:iso:std:iso:3166","code":"US"}]}],"packageId":"hl7.fhir.us.pacio-adi","license":"CC0-1.0","fhirVersion":["4.0.1"],"dependsOn":[{"id":"hl7_fhir_us_core","uri":"http://hl7.org/fhir/us/core/ImplementationGuide/hl7.fhir.us.core","packageId":"hl7.fhir.us.core","version":"3.1.1"}],"definition":{"extension":[{"extension":[{"url":"code","valueString":"copyrightyear"},{"url":"value","valueString":"2021+"}],"url":"http://hl7.org/fhir/tools/StructureDefinition/ig-parameter"},{"extension":[{"url":"code","valueString":"releaselabel"},{"url":"value","valueString":"STU1"}],"url":"http://hl7.org/fhir/tools/StructureDefinition/ig-parameter"},{"extension":[{"url":"code","valueString":"show-inherited-invariants"},{"url":"value","valueString":"false"}],"url":"http://hl7.org/fhir/tools/StructureDefinition/ig-parameter"},{"extension":[{"url":"code","valueString":"apply-jurisdiction"},{"url":"value","valueString":"true"}],"url":"http://hl7.org/fhir/tools/StructureDefinition/ig-parameter"},{"extension":[{"url":"code","valueString":"apply-publisher"},{"url":"value","valueString":"true"}],"url":"http://hl7.org/fhir/tools/StructureDefinition/ig-parameter"},{"extension":[{"url":"code","valueString":"path-history"},{"url":"value","valueString":"http://hl7.org/fhir/us/pacio-adi/history.html"}],"url":"http://hl7.org/fhir/tools/StructureDefinition/ig-parameter"},{"extension":[{"url":"code","valueString":"autoload-resources"},{"url":"value","valueString":"true"}],"url":"http://hl7.org/fhir/tools/StructureDefinition/ig-parameter"},{"extension":[{"url":"code","valueString":"path-liquid"},{"url":"value","valueString":"template/liquid"}],"url":"http://hl7.org/fhir/tools/StructureDefinition/ig-parameter"},{"extension":[{"url":"code","valueString":"path-liquid"},{"url":"value","valueString":"input/liquid"}],"url":"http://hl7.org/fhir/tools/StructureDefinition/ig-parameter"},{"extension":[{"url":"code","valueString":"path-qa"},{"url":"value","valueString":"temp/qa"}],"url":"http://hl7.org/fhir/tools/StructureDefinition/ig-parameter"},{"extension":[{"url":"code","valueString":"path-temp"},{"url":"value","valueString":"temp/pages"}],"url":"http://hl7.org/fhir/tools/StructureDefinition/ig-parameter"},{"extension":[{"url":"code","valueString":"path-output"},{"url":"value","valueString":"output"}],"url":"http://hl7.org/fhir/tools/StructureDefinition/ig-parameter"},{"extension":[{"url":"code","valueString":"path-suppressed-warnings"},{"url":"value","valueString":"input/ignoreWarnings.txt"}],"url":"http://hl7.org/fhir/tools/StructureDefinition/ig-parameter"},{"extension":[{"url":"code","valueString":"template-html"},{"url":"value","valueString":"template-page.html"}],"url":"http://hl7.org/fhir/tools/StructureDefinition/ig-parameter"},{"extension":[{"url":"code","valueString":"template-md"},{"url":"value","valueString":"template-page-md.html"}],"url":"http://hl7.org/fhir/tools/StructureDefinition/ig-parameter"},{"extension":[{"url":"code","valueString":"apply-contact"},{"url":"value","valueString":"true"}],"url":"http://hl7.org/fhir/tools/StructureDefinition/ig-parameter"},{"extension":[{"url":"code","valueString":"apply-context"},{"url":"value","valueString":"true"}],"url":"http://hl7.org/fhir/tools/StructureDefinition/ig-parameter"},{"extension":[{"url":"code","valueString":"apply-copyright"},{"url":"value","valueString":"true"}],"url":"http://hl7.org/fhir/tools/StructureDefinition/ig-parameter"},{"extension":[{"url":"code","valueString":"apply-license"},{"url":"value","valueString":"true"}],"url":"http://hl7.org/fhir/tools/StructureDefinition/ig-parameter"},{"extension":[{"url":"code","valueString":"apply-version"},{"url":"value","valueString":"true"}],"url":"http://hl7.org/fhir/tools/StructureDefinition/ig-parameter"},{"extension":[{"url":"code","valueString":"active-tables"},{"url":"value","valueString":"true"}],"url":"http://hl7.org/fhir/tools/StructureDefinition/ig-parameter"}],"grouping":[{"id":"_str_abstractprofile","name":"Structures: Abstract Profiles","description":"These are profiles on resources or data types that describe patterns used by other profiles, but cannot be instantiated directly.  I.e. instances can conform to profiles *based* on these abstract profiles, but do not declare conformance to the abstract profiles themselves."},{"id":"_str_profile","name":"Structures: Resource Profiles","description":"These define constraints on FHIR resources for systems conforming to this implementation guide"},{"id":"_str_extension","name":"Structures: Extension Definitions","description":"These define constraints on FHIR data types for systems conforming to this implementation guide"}],"resource":[{"extension":[{"url":"http://hl7.org/fhir/StructureDefinition/implementationguide-page","valueUri":"StructureDefinition-PADI-AutopsyObservation.html"}],"reference":{"reference":"StructureDefinition/PADI-AutopsyObservation"},"name":"ADI Autopsy Observation","description":"This profile is used to represent the author's thoughts about autopsy.","exampleBoolean":false,"groupingId":"_str_profile"},{"extension":[{"url":"http://hl7.org/fhir/StructureDefinition/implementationguide-page","valueUri":"StructureDefinition-PADI-CareExperiencePreference.html"}],"reference":{"reference":"StructureDefinition/PADI-CareExperiencePreference"},"name":"ADI Care Experience Preference","description":"Care Experience Preference is a clinical statement that presents the author's personal thoughts about something he or she feels is relevant to his or her care experience and may be pertinent when planning his or her care.","exampleBoolean":false,"groupingId":"_str_profile"},{"extension":[{"url":"http://hl7.org/fhir/StructureDefinition/implementationguide-page","valueUri":"StructureDefinition-PADI-ConsentForHealthcareAgent.html"}],"reference":{"reference":"StructureDefinition/PADI-ConsentForHealthcareAgent"},"name":"ADI Consent for Healthcare Agent","description":"This profile is used for the healthcare agent to consent/express acceptance of being appointed as the agent for the patient.","exampleBoolean":false,"groupingId":"_str_profile"},{"extension":[{"url":"http://hl7.org/fhir/StructureDefinition/implementationguide-page","valueUri":"StructureDefinition-PADI-DocumentReference.html"}],"reference":{"reference":"StructureDefinition/PADI-DocumentReference"},"name":"PACIO ADI Document Reference","description":"This profile defines constraints that represent the information needed to register an advance directive information document on a FHIR server.","exampleBoolean":false,"groupingId":"_str_profile"},{"extension":[{"url":"http://hl7.org/fhir/StructureDefinition/implementationguide-page","valueUri":"StructureDefinition-PADI-Endpoint.html"}],"reference":{"reference":"StructureDefinition/PADI-Endpoint"},"name":"PACIO ADI Endpoint","description":"TODO A an Advance Directive Endpoint","exampleBoolean":false,"groupingId":"_str_profile"},{"extension":[{"url":"http://hl7.org/fhir/StructureDefinition/implementationguide-page","valueUri":"StructureDefinition-PADI-Guardian.html"}],"reference":{"reference":"StructureDefinition/PADI-Guardian"},"name":"ADI Guardian","description":"This profile will show a relationship to a ward.","exampleBoolean":false,"groupingId":"_str_profile"},{"extension":[{"url":"http://hl7.org/fhir/StructureDefinition/implementationguide-page","valueUri":"StructureDefinition-PADI-Header.html"}],"reference":{"reference":"StructureDefinition/PADI-Header"},"name":"PACIO ADI Header","description":"This abstract profile defines constraints that represent common administrative and demographic concepts for advance directives information used in US Realm clinical documents.","exampleBoolean":false,"groupingId":"_str_abstractprofile"},{"extension":[{"url":"http://hl7.org/fhir/StructureDefinition/implementationguide-page","valueUri":"StructureDefinition-PADI-HealthcareAgent.html"}],"reference":{"reference":"StructureDefinition/PADI-HealthcareAgent"},"name":"ADI Healthcare Agent","description":"This profile represents a person's appointment of a healthcare agent.","exampleBoolean":false,"groupingId":"_str_profile"},{"extension":[{"url":"http://hl7.org/fhir/StructureDefinition/implementationguide-page","valueUri":"StructureDefinition-PADI-HealthcareAgentAuthority.html"}],"reference":{"reference":"StructureDefinition/PADI-HealthcareAgentAuthority"},"name":"ADI Healthcare Agent Authority","description":"This profile is used to represent a power or limitation granted to a person acting as a healthcare agent.","exampleBoolean":false,"groupingId":"_str_profile"},{"extension":[{"url":"http://hl7.org/fhir/StructureDefinition/implementationguide-page","valueUri":"StructureDefinition-PADI-OrganDonationObservation.html"}],"reference":{"reference":"StructureDefinition/PADI-OrganDonationObservation"},"name":"ADI Organ Donation","description":"This profile is used to represent the author's thoughts about organ donation.","exampleBoolean":false,"groupingId":"_str_profile"},{"extension":[{"url":"http://hl7.org/fhir/StructureDefinition/implementationguide-page","valueUri":"StructureDefinition-PADI-PACPComposition.html"}],"reference":{"reference":"StructureDefinition/PADI-PACPComposition"},"name":"ADI Personal Advance Care Plan Composition","description":"This profile encompasses information that makes up the author’s advance care information plan.","exampleBoolean":false,"groupingId":"_str_profile"},{"extension":[{"url":"http://hl7.org/fhir/StructureDefinition/implementationguide-page","valueUri":"StructureDefinition-PADI-PMOLSTObservation.html"}],"reference":{"reference":"StructureDefinition/PADI-PMOLSTObservation"},"name":"ADI PMOLST Observation","description":"This profile is used to indicate if a person has a medical order or physician order for life sustaining treatment (MOLST or POLST).","exampleBoolean":false,"groupingId":"_str_profile"},{"extension":[{"url":"http://hl7.org/fhir/StructureDefinition/implementationguide-page","valueUri":"StructureDefinition-PADI-PersonalInterventionPreference.html"}],"reference":{"reference":"StructureDefinition/PADI-PersonalInterventionPreference"},"name":"ADI Personal Intervention Preference","description":"This profile is used to represent a personal preference for a type of medical intervention (treatment).","exampleBoolean":false,"groupingId":"_str_profile"},{"extension":[{"url":"http://hl7.org/fhir/StructureDefinition/implementationguide-page","valueUri":"StructureDefinition-PADI-PersonalPrioritiesOrganizer.html"}],"reference":{"reference":"StructureDefinition/PADI-PersonalPrioritiesOrganizer"},"name":"ADI Personal Priorities Organizer","description":"Personal Priorities Organizer is used to represent a set of personal goals, preferences or care experiences in a preferred ranked order.","exampleBoolean":false,"groupingId":"_str_profile"},{"extension":[{"url":"http://hl7.org/fhir/StructureDefinition/implementationguide-page","valueUri":"StructureDefinition-PADI-Provenance.html"}],"reference":{"reference":"StructureDefinition/PADI-Provenance"},"name":"PACIO ADI Provenance","description":"[TODO] Advance Directive Interoperability Provanance baed on US Core","exampleBoolean":false,"groupingId":"_str_profile"},{"extension":[{"url":"http://hl7.org/fhir/StructureDefinition/implementationguide-page","valueUri":"StructureDefinition-padi-authorization-extension.html"}],"reference":{"reference":"StructureDefinition/padi-authorization-extension"},"name":"Authorization","description":"The Advance Directive Information Authorization Extension contains the ADI Consent profile which represents information about a patient’s consents.","exampleBoolean":false,"groupingId":"_str_extension"},{"extension":[{"url":"http://hl7.org/fhir/StructureDefinition/implementationguide-page","valueUri":"StructureDefinition-padi-dataEnterer-extension.html"}],"reference":{"reference":"StructureDefinition/padi-dataEnterer-extension"},"name":"Data Enterer","description":"Data Enterer Extension represents the person who transferred the content, written or dictated, into the Advance Directive document. To clarify, an author provides the content, subject to their own interpretation; a dataEnterer adds an author’s information to the electronic system.","exampleBoolean":false,"groupingId":"_str_extension"},{"extension":[{"url":"http://hl7.org/fhir/StructureDefinition/implementationguide-page","valueUri":"StructureDefinition-padi-informant-extension.html"}],"reference":{"reference":"StructureDefinition/padi-informant-extension"},"name":"Informant","description":"The Advance Directive Information Informant Extension describes an information source for any content within the Advance Directive document. This informant is constrained for use when the source of information is an assigned health care provider for the patient.","exampleBoolean":false,"groupingId":"_str_extension"},{"extension":[{"url":"http://hl7.org/fhir/StructureDefinition/implementationguide-page","valueUri":"StructureDefinition-padi-informatioRecipient-extension.html"}],"reference":{"reference":"StructureDefinition/padi-informatioRecipient-extension"},"name":"Information Recipient","description":"The Information Recipient Extension records the intended recipient of the advance directive information at the time the document was created.","exampleBoolean":false,"groupingId":"_str_extension"},{"extension":[{"url":"http://hl7.org/fhir/StructureDefinition/implementationguide-page","valueUri":"StructureDefinition-padi-order-extension.html"}],"reference":{"reference":"StructureDefinition/padi-order-extension"},"name":"Order","description":"The Advance Directive Information Order Extension represents orders that are fulfilled by this document such as a radiologists report of an x-ray.","exampleBoolean":false,"groupingId":"_str_extension"},{"extension":[{"url":"http://hl7.org/fhir/StructureDefinition/implementationguide-page","valueUri":"StructureDefinition-padi-participant-extension.html"}],"reference":{"reference":"StructureDefinition/padi-participant-extension"},"name":"Participant","description":"The Advance Directive Information Participant Extension identifies supporting entities, including parents, relatives, caregivers, insurance policyholders, guarantors, and others related in some way to the patient. A supporting person or organization is an individual or an organization with a relationship to the patient. A supporting person who is playing multiple roles would be recorded in multiple participants (e.g., emergency contact and next-of-kin).","exampleBoolean":false,"groupingId":"_str_extension"},{"extension":[{"url":"http://hl7.org/fhir/StructureDefinition/implementationguide-page","valueUri":"StructureDefinition-padi-performer-extension.html"}],"reference":{"reference":"StructureDefinition/padi-performer-extension"},"name":"Informant","description":"The Advance Directive Information Performer Extension represents clinicians who actually and principally carry out the clinical services being documented. In a transfer of care this represents the healthcare providers involved in the current or pertinent historical care of the patient. Preferably, the patients key healthcare care team members would be listed, particularly their primary physician and any active consulting physicians, therapists, and counselors.","exampleBoolean":false,"groupingId":"_str_extension"},{"extension":[{"url":"http://hl7.org/fhir/StructureDefinition/implementationguide-page","valueUri":"StructureDefinition-padi-versionNumber-extension.html"}],"reference":{"reference":"StructureDefinition/padi-versionNumber-extension"},"name":"Version Number","description":"Advance Directive Information VersionNumber Extension represents a numeric value used to version successive replacement documents.","exampleBoolean":false,"groupingId":"_str_extension"}],"page":{"nameUrl":"toc.html","title":"Table of Contents","generation":"html","page":[{"nameUrl":"index.html","title":"Home","generation":"markdown"},{"nameUrl":"advance_directive_use_case.html","title":"Advance Directive Use Case","generation":"markdown"},{"nameUrl":"business_case.html","title":"Business Case","generation":"markdown"},{"nameUrl":"downloads.html","title":"Downloads","generation":"markdown"},{"nameUrl":"introduction.html","title":"Introduction","generation":"markdown"},{"nameUrl":"patient_stories_and_personas.html","title":"Patient Stories and Personas","generation":"markdown"},{"nameUrl":"profile_highlights_and_guidance.html","title":"Profile Highlights and Guidance","generation":"markdown"},{"nameUrl":"profiles.html","title":"Profiles","generation":"markdown"},{"nameUrl":"security.html","title":"Security","generation":"markdown"},{"nameUrl":"underlying_technologies.html","title":"Underlying Technologies","generation":"markdown"},{"nameUrl":"use_cases.html","title":"Use Cases","generation":"markdown"},{"nameUrl":"artifacts.html","title":"Artifacts Summary","generation":"html","page":[{"nameUrl":"StructureDefinition-PADI-Header.html","title":"PACIO ADI Header","generation":"generated"},{"nameUrl":"StructureDefinition-PADI-AutopsyObservation.html","title":"ADI Autopsy Observation","generation":"generated"},{"nameUrl":"StructureDefinition-PADI-CareExperiencePreference.html","title":"ADI Care Experience Preference","generation":"generated"},{"nameUrl":"StructureDefinition-PADI-ConsentForHealthcareAgent.html","title":"ADI Consent for Healthcare Agent","generation":"generated"},{"nameUrl":"StructureDefinition-PADI-DocumentReference.html","title":"PACIO ADI Document Reference","generation":"generated"},{"nameUrl":"StructureDefinition-PADI-Endpoint.html","title":"PACIO ADI Endpoint","generation":"generated"},{"nameUrl":"StructureDefinition-PADI-Guardian.html","title":"ADI Guardian","generation":"generated"},{"nameUrl":"StructureDefinition-PADI-HealthcareAgent.html","title":"ADI Healthcare Agent","generation":"generated"},{"nameUrl":"StructureDefinition-PADI-HealthcareAgentAuthority.html","title":"ADI Healthcare Agent Authority","generation":"generated"},{"nameUrl":"StructureDefinition-PADI-OrganDonationObservation.html","title":"ADI Organ Donation","generation":"generated"},{"nameUrl":"StructureDefinition-PADI-PACPComposition.html","title":"ADI Personal Advance Care Plan Composition","generation":"generated"},{"nameUrl":"StructureDefinition-PADI-PMOLSTObservation.html","title":"ADI PMOLST Observation","generation":"generated"},{"nameUrl":"StructureDefinition-PADI-PersonalInterventionPreference.html","title":"ADI Personal Intervention Preference","generation":"generated"},{"nameUrl":"StructureDefinition-PADI-PersonalPrioritiesOrganizer.html","title":"ADI Personal Priorities Organizer","generation":"generated"},{"nameUrl":"StructureDefinition-PADI-Provenance.html","title":"PACIO ADI Provenance","generation":"generated"},{"nameUrl":"StructureDefinition-padi-authorization-extension.html","title":"Authorization","generation":"generated"},{"nameUrl":"StructureDefinition-padi-dataEnterer-extension.html","title":"Data Enterer","generation":"generated"},{"nameUrl":"StructureDefinition-padi-informant-extension.html","title":"Informant","generation":"generated"},{"nameUrl":"StructureDefinition-padi-informatioRecipient-extension.html","title":"Information Recipient","generation":"generated"},{"nameUrl":"StructureDefinition-padi-order-extension.html","title":"Order","generation":"generated"},{"nameUrl":"StructureDefinition-padi-participant-extension.html","title":"Participant","generation":"generated"},{"nameUrl":"StructureDefinition-padi-performer-extension.html","title":"Informant","generation":"generated"},{"nameUrl":"StructureDefinition-padi-versionNumber-extension.html","title":"Version Number","generation":"generated"}]}]},"parameter":[{"code":"path-resource","value":"input/capabilities"},{"code":"path-resource","value":"input/examples"},{"code":"path-resource","value":"input/extensions"},{"code":"path-resource","value":"input/models"},{"code":"path-resource","value":"input/operations"},{"code":"path-resource","value":"input/profiles"},{"code":"path-resource","value":"input/resources"},{"code":"path-resource","value":"input/vocabulary"},{"code":"path-resource","value":"input/maps"},{"code":"path-resource","value":"input/testing"},{"code":"path-resource","value":"input/history"},{"code":"path-resource","value":"fsh-generated/resources"},{"code":"path-pages","value":"template/config"},{"code":"path-pages","value":"input/images"},{"code":"path-tx-cache","value":"input-cache/txcache"}]}}