{"resourceType":"ValueSet","id":"PADIAdvanceDirectiveCategoriesVS","text":{"status":"generated","div":"<div xmlns=\"http://www.w3.org/1999/xhtml\"><ul><li>Include these codes as defined in <a href=\"http://loinc.org\"><code>http://loinc.org</code></a><table class=\"none\"><tr><td style=\"white-space:nowrap\"><b>Code</b></td><td><b>Display</b></td></tr><tr><td><a href=\"http://details.loinc.org/LOINC/64298-3.html\">64298-3</a></td><td>Power of attorney</td></tr><tr><td><a href=\"http://details.loinc.org/LOINC/81334-5.html\">81334-5</a></td><td>Patient Personal advance care plan</td></tr><tr><td><a href=\"http://details.loinc.org/LOINC/86533-7.html\">86533-7</a></td><td>Patient Living will</td></tr><tr><td><a href=\"http://details.loinc.org/LOINC/92664-2.html\">92664-2</a></td><td>Power of attorney and Living will</td></tr></table></li></ul></div>"},"url":"http://hl7.org/fhir/us/pacio-adi/ValueSet/PADIAdvanceDirectiveCategoriesVS","version":"0.0.1","name":"PADIAdvanceDirectiveCategoriesVS","title":"Advance Directive Categories","status":"active","date":"2021-05-03T16:43:55-07:00","publisher":"HL7 Patient Empowerment Working Group","contact":[{"name":"HL7 Patient Empowerment Working Group","telecom":[{"system":"url","value":"http://www.hl7.org/Special/committees/patientempowerment/index.cfm"},{"system":"email","value":"patients@lists.HL7.org"}]}],"description":"Kinds of Advance Directives\r\n\r\nThis ValueSet is managed at the US National Library of Medicine (NLM) Value Set Authority Center (VSAC): https://vsac.nlm.nih.gov/valueset/2.16.840.1.113883.11.20.9.69.4/expansion","jurisdiction":[{"coding":[{"system":"urn:iso:std:iso:3166","code":"US"}]}],"copyright":"This material contains content from LOINC (http://loinc.org). LOINC is copyright © 1995-2020, Regenstrief Institute, Inc. and the Logical Observation Identifiers Names and Codes (LOINC) Committee and is available at no cost under the license at http://loinc.org/license. LOINC® is a registered United States trademark of Regenstrief Institute, Inc.","compose":{"include":[{"system":"http://loinc.org","concept":[{"code":"64298-3","display":"Power of attorney"},{"code":"81334-5","display":"Patient Personal advance care plan"},{"code":"86533-7","display":"Patient Living will"},{"code":"92664-2","display":"Power of attorney and Living will"}]}]}}