{"resourceType":"ValueSet","id":"PADIAutopsyVS","text":{"status":"generated","div":"<div xmlns=\"http://www.w3.org/1999/xhtml\"><ul><li>Include these codes as defined in <a href=\"http://loinc.org\"><code>http://loinc.org</code></a><table class=\"none\"><tr><td style=\"white-space:nowrap\"><b>Code</b></td><td><b>Display</b></td></tr><tr><td><a href=\"http://details.loinc.org/LOINC/75782-3.html\">75782-3</a></td><td>Thoughts regarding autopsy [Reported]</td></tr></table></li></ul></div>"},"url":"http://hl7.org/fhir/us/pacio-adi/ValueSet/PADIAutopsyVS","version":"0.0.1","name":"PADIAutopsyVS","title":"Autopsy Thoughts","status":"active","date":"2021-05-03T16:43:55-07:00","publisher":"HL7 Patient Empowerment Working Group","contact":[{"name":"HL7 Patient Empowerment Working Group","telecom":[{"system":"url","value":"http://www.hl7.org/Special/committees/patientempowerment/index.cfm"},{"system":"email","value":"patients@lists.HL7.org"}]}],"description":"This value set includes the concept representing an individual's thoughts on autopsy after death.","jurisdiction":[{"coding":[{"system":"urn:iso:std:iso:3166","code":"US"}]}],"copyright":"This material contains content from LOINC (http://loinc.org). LOINC is copyright © 1995-2020, Regenstrief Institute, Inc. and the Logical Observation Identifiers Names and Codes (LOINC) Committee and is available at no cost under the license at http://loinc.org/license. LOINC® is a registered United States trademark of Regenstrief Institute, Inc.","compose":{"include":[{"system":"http://loinc.org","concept":[{"code":"75782-3","display":"Thoughts regarding autopsy [Reported]"}]}]}}