{
  "resourceType": "Observation",
  "id": "ExampleMcBeeCareExperiencePreference2",
  "meta": {
    "profile": [
      "http://hl7.org/fhir/us/pacio-adi/StructureDefinition/PADI-CareExperiencePreference"
    ]
  },
  "text": {
    "status": "additional",
    "div": "<div xmlns=\"http://www.w3.org/1999/xhtml\"><p><b>How to care for me:</b> If I become incapacitated and cannot express myself, here is what I would like to tell my healthcare agent, family and friends about how I would like for them to care for me:</p><p><i>I don’t like being treated like an object. I would like to be greeted like a person before working on me.</i></p></div>"
  },
  "status": "final",
  "code": {
    "coding": [
      {
        "system": "http://loinc.org",
        "code": "81380-8",
        "display": "Goals, preferences, and priorities for care experience [Reported]"
      }
    ]
  },
  "valueString": "How to care for me: If I become incapacitated and cannot express myself, here is what I would like to tell my healthcare agent, family and friends about how I would like for them to care for me: I don’t like being treated like an object. I would like to be greeted like a person before working on me."
}