{
  "resourceType": "Observation",
  "id": "Example-Smith-Johnson-CareExperiencePreference6",
  "meta": {
    "profile": [
      "http://hl7.org/fhir/us/pacio-adi/StructureDefinition/PADI-CareExperiencePreference"
    ]
  },
  "text": {
    "status": "additional",
    "div": "<div xmlns=\"http://www.w3.org/1999/xhtml\"><p><b>Please attempt to notify someone from my religion at the following phone number:</b></p><p>If I have included one</p><p><i>Catholic</i></p></div>"
  },
  "status": "final",
  "code": {
    "coding": [
      {
        "system": "http://loinc.org",
        "code": "81365-9",
        "display": "Religious affiliation contact to notify [Reported]"
      }
    ]
  },
  "valueString": "Please attempt to notify someone from my religion at the following phone number: If I have included one: Catholic"
}