{
  "resourceType": "Observation",
  "id": "PersonalInterventionPreference1",
  "meta": {
    "profile": [
      "http://hl7.org/fhir/us/pacio-adi/StructureDefinition/PADI-PersonalInterventionPreference"
    ]
  },
  "text": {
    "status": "additional",
    "div": "<div xmlns=\"http://www.w3.org/1999/xhtml\"><p>If I am having significant pain or suffering, <i>I would like my doctors to consult a Supportive and Palliative Care Team to help treat my physical, emotional and spiritual discomfort, and to support my family.</i></p></div>"
  },
  "status": "final",
  "code": {
    "coding": [
      {
        "system": "http://loinc.org",
        "code": "75776-5",
        "display": "Preference on consulting a supportive and palliative care team to help treat physical, emotional, and spiritual discomfort and support family [Reported]"
      }
    ]
  },
  "valueString": "If I am having significant pain or suffering, I would like my doctors to consult a Supportive and Palliative Care Team to help treat my physical, emotional and spiritual discomfort, and to support my family."
}