{
  "resourceType": "Observation",
  "id": "PersonalInterventionPreference4",
  "meta": {
    "profile": [
      "http://hl7.org/fhir/us/pacio-adi/StructureDefinition/PADI-PersonalInterventionPreference"
    ]
  },
  "text": {
    "status": "additional",
    "div": "<div xmlns=\"http://www.w3.org/1999/xhtml\"><p>If I have a severe, irreversible brain injury or illness and can’t dress, feed, or bathe myself, or communicate my medical wishes, but doctors can keep me alive in this condition for a long period of time, <i>I would like for them to keep trying life-sustaining treatments for 2 months.</i></p></div>"
  },
  "status": "final",
  "code": {
    "coding": [
      {
        "system": "http://loinc.org",
        "code": "75778-1",
        "display": "Information to tell doctors if I have a severe, irreversible brain injury or illness and can't dress, feed, or bathe myself, or communicate my medical wishes, but can be kept alive [Reported]"
      }
    ]
  },
  "valueString": "If I have a severe, irreversible brain injury or illness and can’t dress, feed, or bathe myself, or communicate my medical wishes, but doctors can keep me alive in this condition for a long period of time, I would like for them to keep trying life-sustaining treatments for 2 months."
}