{
  "resourceType": "Observation",
  "id": "AutopsyDonationObservation1",
  "meta": {
    "profile": [
      "http://hl7.org/fhir/us/pacio-adi/StructureDefinition/PADI-AutopsyObservation"
    ]
  },
  "text": {
    "status": "additional",
    "div": "<div xmlns=\"http://www.w3.org/1999/xhtml\"><h2>Autopsy</h2><p><i>I want an autopsy if my doctor thinks it will help others.</i></p></div>"
  },
  "status": "final",
  "code": {
    "coding": [
      {
        "system": "http://loinc.org",
        "code": "75782-3",
        "display": "Thoughts regarding autopsy [Reported]"
      }
    ]
  },
  "valueString": "Autopsy: I want an autopsy if my doctor thinks it will help others."
}