{
  "resourceType": "ValueSet",
  "id": "PADIInterventionPreferencesVS",
  "text": {
    "status": "generated",
    "div": "<div xmlns=\"http://www.w3.org/1999/xhtml\"><p>This value set includes codes based on the following rules:</p><ul><li>Include these codes as defined in <a href=\"http://loinc.org\"><code>http://loinc.org</code></a><table class=\"none\"><tr><td style=\"white-space:nowrap\"><b>Code</b></td><td><b>Display</b></td></tr><tr><td><a href=\"http://details.loinc.org/LOINC/75776-5.html\">75776-5</a></td><td>Preference on consulting a supportive and palliative care team to help treat physical, emotional, and spiritual discomfort and support family [Reported]</td></tr><tr><td><a href=\"http://details.loinc.org/LOINC/75777-3.html\">75777-3</a></td><td>Information to tell doctors if my health deteriorates due to a terminal illness and I am unable to interact meaningfully with family, friends, or surroundings [Reported]</td></tr><tr><td><a href=\"http://details.loinc.org/LOINC/75778-1.html\">75778-1</a></td><td>Information to tell doctors if I have a severe, irreversible brain injury or illness and can't dress, feed, or bathe myself, or communicate my medical wishes, but can be kept alive [Reported]</td></tr><tr><td><a href=\"http://details.loinc.org/LOINC/75780-7.html\">75780-7</a></td><td>Preferred location to spend final days if possible to choose [Reported]</td></tr><tr><td><a href=\"http://details.loinc.org/LOINC/75787-2.html\">75787-2</a></td><td>Advance directive - request for intubation</td></tr><tr><td><a href=\"http://details.loinc.org/LOINC/75788-0.html\">75788-0</a></td><td>Advance directive - request for tube feeding</td></tr><tr><td><a href=\"http://details.loinc.org/LOINC/75789-8.html\">75789-8</a></td><td>Advance directive - request for life support</td></tr><tr><td><a href=\"http://details.loinc.org/LOINC/75790-6.html\">75790-6</a></td><td>Advance directive - request for IV fluid and support</td></tr><tr><td><a href=\"http://details.loinc.org/LOINC/75791-4.html\">75791-4</a></td><td>Advance directive - request for antibiotics</td></tr><tr><td><a href=\"http://details.loinc.org/LOINC/75792-2.html\">75792-2</a></td><td>Advance directive - request for resuscitation that differs from cardiopulmonary resuscitation</td></tr><tr><td><a href=\"http://details.loinc.org/LOINC/75793-0.html\">75793-0</a></td><td>Other directives that have not otherwise been documented [Reported]</td></tr><tr><td><a href=\"http://details.loinc.org/LOINC/77352-3.html\">77352-3</a></td><td>Thoughts on artificial nutrition and hydration [Reported]</td></tr><tr><td><a href=\"http://details.loinc.org/LOINC/81329-5.html\">81329-5</a></td><td>Thoughts on resuscitation [Reported]</td></tr><tr><td><a href=\"http://details.loinc.org/LOINC/81330-3.html\">81330-3</a></td><td>Thoughts on intubation [Reported]</td></tr><tr><td><a href=\"http://details.loinc.org/LOINC/81331-1.html\">81331-1</a></td><td>Thoughts on tube feeding [Reported]</td></tr><tr><td><a href=\"http://details.loinc.org/LOINC/81332-9.html\">81332-9</a></td><td>Thoughts on IV fluid and support [Reported]</td></tr><tr><td><a href=\"http://details.loinc.org/LOINC/81333-7.html\">81333-7</a></td><td>Thoughts on antibiotics [Reported]</td></tr><tr><td><a href=\"http://details.loinc.org/LOINC/81349-3.html\">81349-3</a></td><td>Thoughts on life-sustaining procedures if pregnant [Reported]</td></tr><tr><td><a href=\"http://details.loinc.org/LOINC/81350-1.html\">81350-1</a></td><td>Thoughts on pain management [Reported]</td></tr><tr><td><a href=\"http://details.loinc.org/LOINC/81376-6.html\">81376-6</a></td><td>Mental health treatment preferences [Reported]</td></tr><tr><td><a href=\"http://details.loinc.org/LOINC/75779-9.html\">75779-9</a></td><td>Thoughts on cardiopulmonary resuscitation (CPR) [Reported]</td></tr></table></li><li>Import all the codes that are contained in <a href=\"ValueSet-PADIUponDeathPreferencesVS.html\">http://hl7.org/fhir/us/pacio-adi/ValueSet/PADIUponDeathPreferencesVS</a></li></ul></div>"
  },
  "url": "http://hl7.org/fhir/us/pacio-adi/ValueSet/PADIInterventionPreferencesVS",
  "version": "0.0.1",
  "name": "PADIInterventionPreferencesVS",
  "title": "Intervention Preferences",
  "status": "active",
  "date": "2021-05-07T11:56:18-07:00",
  "publisher": "HL7 Patient Empowerment Working Group",
  "contact": [
    {
      "name": "HL7 Patient Empowerment Working Group",
      "telecom": [
        {
          "system": "url",
          "value": "http://www.hl7.org/Special/committees/patientempowerment/index.cfm"
        },
        {
          "system": "email",
          "value": "patients@lists.HL7.org"
        }
      ]
    }
  ],
  "description": "Clinical Focus: This value set includes concepts representing an individual's intervention preferences which can be expressed by the individual in his or her advance care plan.),(Data Element Scope: The intent of this value set is to identify personal intervention preferences that may be relevant and could be considered by clinicians or any person or organization that is providing care, treatment, or performing any other type of act to or on behalf of the individual.)",
  "jurisdiction": [
    {
      "coding": [
        {
          "system": "urn:iso:std:iso:3166",
          "code": "US"
        }
      ]
    }
  ],
  "copyright": "This material contains content from LOINC (http://loinc.org). LOINC is copyright © 1995-2020, Regenstrief Institute, Inc. and the Logical Observation Identifiers Names and Codes (LOINC) Committee and is available at no cost under the license at http://loinc.org/license. LOINC® is a registered United States trademark of Regenstrief Institute, Inc.",
  "compose": {
    "include": [
      {
        "system": "http://loinc.org",
        "concept": [
          {
            "code": "75776-5",
            "display": "Preference on consulting a supportive and palliative care team to help treat physical, emotional, and spiritual discomfort and support family [Reported]"
          },
          {
            "code": "75777-3",
            "display": "Information to tell doctors if my health deteriorates due to a terminal illness and I am unable to interact meaningfully with family, friends, or surroundings [Reported]"
          },
          {
            "code": "75778-1",
            "display": "Information to tell doctors if I have a severe, irreversible brain injury or illness and can't dress, feed, or bathe myself, or communicate my medical wishes, but can be kept alive [Reported]"
          },
          {
            "code": "75780-7",
            "display": "Preferred location to spend final days if possible to choose [Reported]"
          },
          {
            "code": "75787-2",
            "display": "Advance directive - request for intubation"
          },
          {
            "code": "75788-0",
            "display": "Advance directive - request for tube feeding"
          },
          {
            "code": "75789-8",
            "display": "Advance directive - request for life support"
          },
          {
            "code": "75790-6",
            "display": "Advance directive - request for IV fluid and support"
          },
          {
            "code": "75791-4",
            "display": "Advance directive - request for antibiotics"
          },
          {
            "code": "75792-2",
            "display": "Advance directive - request for resuscitation that differs from cardiopulmonary resuscitation"
          },
          {
            "code": "75793-0",
            "display": "Other directives that have not otherwise been documented [Reported]"
          },
          {
            "code": "77352-3",
            "display": "Thoughts on artificial nutrition and hydration [Reported]"
          },
          {
            "code": "81329-5",
            "display": "Thoughts on resuscitation [Reported]"
          },
          {
            "code": "81330-3",
            "display": "Thoughts on intubation [Reported]"
          },
          {
            "code": "81331-1",
            "display": "Thoughts on tube feeding [Reported]"
          },
          {
            "code": "81332-9",
            "display": "Thoughts on IV fluid and support [Reported]"
          },
          {
            "code": "81333-7",
            "display": "Thoughts on antibiotics [Reported]"
          },
          {
            "code": "81349-3",
            "display": "Thoughts on life-sustaining procedures if pregnant [Reported]"
          },
          {
            "code": "81350-1",
            "display": "Thoughts on pain management [Reported]"
          },
          {
            "code": "81376-6",
            "display": "Mental health treatment preferences [Reported]"
          },
          {
            "code": "75779-9",
            "display": "Thoughts on cardiopulmonary resuscitation (CPR) [Reported]"
          }
        ]
      },
      {
        "valueSet": [
          "http://hl7.org/fhir/us/pacio-adi/ValueSet/PADIUponDeathPreferencesVS"
        ]
      }
    ]
  }
}