{
  "resourceType": "ValueSet",
  "id": "PADICareExperiencePreferencesVS",
  "text": {
    "status": "generated",
    "div": "<div xmlns=\"http://www.w3.org/1999/xhtml\"><ul><li>Include these codes as defined in <a href=\"http://loinc.org\"><code>http://loinc.org</code></a><table class=\"none\"><tr><td style=\"white-space:nowrap\"><b>Code</b></td><td><b>Display</b></td></tr><tr><td><a href=\"http://details.loinc.org/LOINC/75774-0.html\">75774-0</a></td><td>Allowance to change advance directive preferences in the future regardless of mental state [Reported]</td></tr><tr><td><a href=\"http://details.loinc.org/LOINC/75775-7.html\">75775-7</a></td><td>Decision to inform doctors and nurses about the role religion, faith, or spirituality play in my life [Reported]</td></tr><tr><td><a href=\"http://details.loinc.org/LOINC/75793-0.html\">75793-0</a></td><td>Other directives that have not otherwise been documented [Reported]</td></tr><tr><td><a href=\"http://details.loinc.org/LOINC/81356-8.html\">81356-8</a></td><td>Death arrangements [Reported]</td></tr><tr><td><a href=\"http://details.loinc.org/LOINC/81357-6.html\">81357-6</a></td><td>Messages to be delivered after death [Reported]</td></tr><tr><td><a href=\"http://details.loinc.org/LOINC/81358-4.html\">81358-4</a></td><td>Person(s) to notify upon death [Reported]</td></tr><tr><td><a href=\"http://details.loinc.org/LOINC/81359-2.html\">81359-2</a></td><td>Near death thoughts and feelings to be shared [Reported]</td></tr><tr><td><a href=\"http://details.loinc.org/LOINC/81360-0.html\">81360-0</a></td><td>My likes and joys [Reported]</td></tr><tr><td><a href=\"http://details.loinc.org/LOINC/81361-8.html\">81361-8</a></td><td>Things that make me laugh [Reported]</td></tr><tr><td><a href=\"http://details.loinc.org/LOINC/81362-6.html\">81362-6</a></td><td>My dislikes and fears [Reported]</td></tr><tr><td><a href=\"http://details.loinc.org/LOINC/81363-4.html\">81363-4</a></td><td>Things that matter to me [Reported]</td></tr><tr><td><a href=\"http://details.loinc.org/LOINC/81364-2.html\">81364-2</a></td><td>Religious beliefs [Reported]</td></tr><tr><td><a href=\"http://details.loinc.org/LOINC/81365-9.html\">81365-9</a></td><td>Religious affiliation contact to notify [Reported]</td></tr><tr><td><a href=\"http://details.loinc.org/LOINC/81366-7.html\">81366-7</a></td><td>Unfinished business [Reported]</td></tr></table></li></ul></div>"
  },
  "url": "http://hl7.org/fhir/us/pacio-adi/ValueSet/PADICareExperiencePreferencesVS",
  "version": "0.0.1",
  "name": "PADICareExperiencePreferencesVS",
  "title": "Care Experience Preferences",
  "status": "active",
  "date": "2021-04-25T21:26:31-07:00",
  "publisher": "HL7 Patient Empowerment Working Group",
  "contact": [
    {
      "name": "HL7 Patient Empowerment Working Group",
      "telecom": [
        {
          "system": "url",
          "value": "http://www.hl7.org/Special/committees/patientempowerment/index.cfm"
        },
        {
          "system": "email",
          "value": "patients@lists.HL7.org"
        }
      ]
    }
  ],
  "description": "This value set includes concepts representing an individual's care experience preferences at end of life which can be expressed by the individual in his or her advance care plan),(Data Element Scope: The intent of this value set is to identify personal care experience preferences that may be relevant and could be considered by clinicians when making a treatment/care plan for the person.\r\n\r\nThis ValueSet is managed at the US National Library of Medicine (NLM) Value Set Authority Center (VSAC): https://vsac.nlm.nih.gov/valueset/2.16.840.1.113762.1.4.1115.11/expansion",
  "jurisdiction": [
    {
      "coding": [
        {
          "system": "urn:iso:std:iso:3166",
          "code": "US"
        }
      ]
    }
  ],
  "compose": {
    "include": [
      {
        "system": "http://loinc.org",
        "concept": [
          {
            "code": "75774-0",
            "display": "Allowance to change advance directive preferences in the future regardless of mental state [Reported]"
          },
          {
            "code": "75775-7",
            "display": "Decision to inform doctors and nurses about the role religion, faith, or spirituality play in my life [Reported]"
          },
          {
            "code": "75793-0",
            "display": "Other directives that have not otherwise been documented [Reported]"
          },
          {
            "code": "81356-8",
            "display": "Death arrangements [Reported]"
          },
          {
            "code": "81357-6",
            "display": "Messages to be delivered after death [Reported]"
          },
          {
            "code": "81358-4",
            "display": "Person(s) to notify upon death [Reported]"
          },
          {
            "code": "81359-2",
            "display": "Near death thoughts and feelings to be shared [Reported]"
          },
          {
            "code": "81360-0",
            "display": "My likes and joys [Reported]"
          },
          {
            "code": "81361-8",
            "display": "Things that make me laugh [Reported]"
          },
          {
            "code": "81362-6",
            "display": "My dislikes and fears [Reported]"
          },
          {
            "code": "81363-4",
            "display": "Things that matter to me [Reported]"
          },
          {
            "code": "81364-2",
            "display": "Religious beliefs [Reported]"
          },
          {
            "code": "81365-9",
            "display": "Religious affiliation contact to notify [Reported]"
          },
          {
            "code": "81366-7",
            "display": "Unfinished business [Reported]"
          }
        ]
      }
    ]
  }
}